合约品种,现价,涨/跌停板,买开保证金,卖开保证金,每手保证金,开仓手续费,平昨手续费,平今手续费,每跳毛利/元,开平手续费,每跳净利润,是否是主力合约,
2年期国债 (TS2206),100.46,100.9599/99.9599,0.50%,0.50%,10046元,3.03元,3.03元,0元,100,3元,97,,0.9656%
2年期国债 (TS2203),100.5549,101.055/100.055,0.50%,0.50%,10055.49元,3.03元,3.03元,0元,100,3元,97,,0.9646%
2年期国债 (TS2112),100.66,101.16/100.16,0.50%,0.50%,10066元,3.03元,3.03元,0元,100,3元,97,主力合约,0.9636%
线型低密度聚乙烯 (l2209),8810,9510/8110,9%,9%,3964.5元,1元,1元,1元,25,2元,23,,0.5801%
线型低密度聚乙烯 (l2208),8930,9640/8220,9%,9%,4018.5元,1元,1元,1元,25,2元,23,,0.5724%
线型低密度聚乙烯 (l2206),8940,9655/8225,9%,9%,4023元,1元,1元,1元,25,2元,23,,0.5717%
线型低密度聚乙烯 (l2110),8945,9660/8230,9%,9%,4025.25元,1元,1元,1元,25,2元,23,,0.5714%
线型低密度聚乙烯 (l2205),8995,9710/8280,9%,9%,4047.75元,1元,1元,1元,25,2元,23,,0.5682%
线型低密度聚乙烯 (l2204),9060,9780/8340,9%,9%,4077元,1元,1元,1元,25,2元,23,,0.5641%
线型低密度聚乙烯 (l2203),9095,9820/8370,9%,9%,4092.75元,1元,1元,1元,25,2元,23,,0.5620%
线型低密度聚乙烯 (l2201),9125,9855/8395,9%,9%,4106.25元,1元,1元,1元,25,2元,23,主力合约,0.5601%
线型低密度聚乙烯 (l2202),9125,9855/8395,9%,9%,4106.25元,1元,1元,1元,25,2元,23,,0.5601%
线型低密度聚乙烯 (l2112),9160,9890/8430,9%,9%,4122元,1元,1元,1元,25,2元,23,,0.5580%
线型低密度聚乙烯 (l2111),9165,9895/8435,9%,9%,4124.25元,1元,1元,1元,25,2元,23,,0.5577%
聚氯乙烯 (v2208),9220,9955/8485,9%,9%,4149元,1元,1元,1元,25,2元,23,,0.5544%
聚氯乙烯 (v2209),9310,10050/8570,9%,9%,4189.5元,1元,1元,1元,25,2元,23,,0.5490%
普通小麦 (PM111),2436,2558/2314,6%,6%,7308元,5元,5元,5元,50,10元,40,主力合约,0.5473%
聚氯乙烯 (v2207),9340,10085/8595,9%,9%,4203元,1元,1元,1元,25,2元,23,,0.5472%
聚氯乙烯 (v2206),9560,10320/8800,9%,9%,4302元,1元,1元,1元,25,2元,23,,0.5346%
聚氯乙烯 (v2205),9735,10510/8960,9%,9%,4380.75元,1元,1元,1元,25,2元,23,,0.5250%
普通小麦 (PM201),2571,2700/2442,6%,6%,7713元,5元,5元,5元,50,10元,40,,0.5186%
聚氯乙烯 (v2204),9905,10695/9115,9%,9%,4457.25元,1元,1元,1元,25,2元,23,,0.5160%
聚氯乙烯 (v2203),10010,10810/9210,9%,9%,4504.5元,1元,1元,1元,25,2元,23,,0.5106%
聚氯乙烯 (v2202),10125,10935/9315,9%,9%,4556.25元,1元,1元,1元,25,2元,23,,0.5048%
普通小麦 (PM207),2645,2778/2512,6%,6%,7935元,5元,5元,5元,50,10元,40,,0.5041%
聚氯乙烯 (v2201),10160,10970/9350,9%,9%,4572元,1元,1元,1元,25,2元,23,主力合约,0.5031%
玉米淀粉 (cs2111),2808,2976/2640,7%,7%,1965.6元,0.2元,0.2元,0元,10,0.2元,9.8,主力合约,0.4986%
玉米淀粉 (cs2203),2809,2977/2641,7%,7%,1966.3元,0.2元,0.2元,0元,10,0.2元,9.8,,0.4984%
聚氯乙烯 (v2112),10280,11100/9460,9%,9%,4626元,1元,1元,1元,25,2元,23,,0.4972%
聚氯乙烯 (v2111),10355,11180/9530,9%,9%,4659.75元,1元,1元,1元,25,2元,23,,0.4936%
聚氯乙烯 (v2110),10395,11225/9565,9%,9%,4677.75元,1元,1元,1元,25,2元,23,,0.4917%
玉米淀粉 (cs2207),2868,3040/2696,7%,7%,2007.6元,0.2元,0.2元,0元,10,0.2元,9.8,,0.4881%
2年期国债 (TS2106),100.52,101.02/100.02,1%,1%,20104元,3.03元,3.03元,0元,100,3元,97,,0.4825%
2年期国债 (TS2109),100.81,101.31/100.31,1%,1%,20162元,3.03元,3.03元,0元,100,3元,97,,0.4811%
粳米 (rr2111),3484,3658/3310,6%,6%,2090.4元,0.2元,0.2元,0元,10,0.2元,9.8,主力合约,0.4688%
铁矿石 (i2209),618,685.5/550.5,13%,13%,8034元,1/万分之,1/万分之,1/万分之,50,12.4元,37.6,,0.4680%
粳米 (rr2112),3494,3668/3320,6%,6%,2096.4元,0.2元,0.2元,0元,10,0.2元,9.8,,0.4675%
早籼稻 (RI201),2676,2810/2542,6%,6%,3211.2元,2.5元,2.5元,2.5元,20,5元,15,,0.4671%
早籼稻 (RI111),2686,2821/2551,6%,6%,3223.2元,2.5元,2.5元,2.5元,20,5元,15,主力合约,0.4654%
粳米 (rr2110),3515,3690/3340,6%,6%,2109元,0.2元,0.2元,0元,10,0.2元,9.8,,0.4647%
粳米 (rr2202),3523,3699/3347,6%,6%,2113.8元,0.2元,0.2元,0元,10,0.2元,9.8,,0.4636%
粳米 (rr2203),3541,3718/3364,6%,6%,2124.6元,0.2元,0.2元,0元,10,0.2元,9.8,,0.4613%
铁矿石 (i2208),625.5,694/557,13%,13%,8131.5元,1/万分之,1/万分之,1/万分之,50,12.5元,37.5,,0.4612%
粳米 (rr2204),3567,3745/3389,6%,6%,2140.2元,0.2元,0.2元,0元,10,0.2元,9.8,,0.4579%
铁矿石 (i2207),632.5,702/563,13%,13%,8222.5元,1/万分之,1/万分之,1/万分之,50,12.7元,37.3,,0.4536%
石油沥青 (bu2110),3066,3310/2820,10%,10%,3066元,1/万分之,1/万分之,1/万分之,20,6.1元,13.9,,0.4534%
粳米 (rr2206),3613,3793/3433,6%,6%,2167.8元,0.2元,0.2元,0元,10,0.2元,9.8,,0.4521%
粳米 (rr2207),3623,3804/3442,6%,6%,2173.8元,0.2元,0.2元,0元,10,0.2元,9.8,,0.4508%
粳米 (rr2208),3624,3805/3443,6%,6%,2174.4元,0.2元,0.2元,0元,10,0.2元,9.8,,0.4507%
铁矿石 (i2206),638,708/568,13%,13%,8294元,1/万分之,1/万分之,1/万分之,50,12.8元,37.2,,0.4485%
铁矿石 (i2205),642.5,713/572,13%,13%,8352.5元,1/万分之,1/万分之,1/万分之,50,12.9元,37.1,,0.4442%
菜籽粕 (RM207),2798,2966/2630,7%,7%,1958.6元,1.5元,1.5元,0元,10,1.5元,8.5,,0.4340%
玉米淀粉 (cs2201),2811,2979/2643,7%,7%,1967.7元,1.5元,1.5元,0元,10,1.5元,8.5,,0.4320%
20号胶 (nr2201),11095,11980/10205,10%,10%,11095元,0.2/万分之,0.2/万分之,0/万分之,50,2.2元,47.8,,0.4308%
铁矿石 (i2203),658.5,730.5/586.5,13%,13%,8560.5元,1/万分之,1/万分之,1/万分之,50,13.2元,36.8,,0.4299%
20号胶 (nr2112),11135,12025/10240,10%,10%,11135元,0.2/万分之,0.2/万分之,0/万分之,50,2.2元,47.8,,0.4293%
铁矿石 (i2204),659.5,732/587,13%,13%,8573.5元,1/万分之,1/万分之,1/万分之,50,13.2元,36.8,,0.4292%
菜籽粕 (RM209),2830,3000/2660,7%,7%,1981元,1.5元,1.5元,0元,10,1.5元,8.5,,0.4291%
菜籽粕 (RM111),2999,3179/2819,7%,7%,2099.3元,1元,1元,0元,10,1元,9,,0.4287%
20号胶 (nr2202),11150,12040/10255,10%,10%,11150元,0.2/万分之,0.2/万分之,0/万分之,50,2.2元,47.8,,0.4287%
20号胶 (nr2111),11170,12060/10275,10%,10%,11170元,0.2/万分之,0.2/万分之,0/万分之,50,2.2元,47.8,主力合约,0.4279%
粳米 (rr2201),3507,3682/3332,6%,6%,2104.2元,1元,1元,0元,10,1元,9,,0.4277%
PTA (TA202),4972,5322/4622,8%,8%,1988.8元,1.5元,1.5元,0元,10,1.5元,8.5,,0.4274%
菜籽粕 (RM203),2842,3013/2671,7%,7%,1989.4元,1.5元,1.5元,0元,10,1.5元,8.5,,0.4273%
20号胶 (nr2203),11215,12110/10315,10%,10%,11215元,0.2/万分之,0.2/万分之,0/万分之,50,2.2元,47.8,,0.4262%
PTA (TA111),4988,5338/4638,8%,8%,1995.2元,1.5元,1.5元,0元,10,1.5元,8.5,,0.4260%
PTA (TA112),4992,5342/4642,8%,8%,1996.8元,1.5元,1.5元,0元,10,1.5元,8.5,,0.4257%
20号胶 (nr2206),11230,12125/10330,10%,10%,11230元,0.2/万分之,0.2/万分之,0/万分之,50,2.2元,47.8,,0.4256%
菜籽粕 (RM205),2856,3028/2684,7%,7%,1999.2元,1.5元,1.5元,0元,10,1.5元,8.5,,0.4252%
菜籽粕 (RM208),2856,3028/2684,7%,7%,1999.2元,1.5元,1.5元,0元,10,1.5元,8.5,,0.4252%
玉米淀粉 (cs2205),2875,3047/2703,7%,7%,2012.5元,1.5元,1.5元,0元,10,1.5元,8.5,,0.4224%
20号胶 (nr2110),11310,12210/10405,10%,10%,11310元,0.2/万分之,0.2/万分之,0/万分之,50,2.3元,47.7,,0.4218%
铁矿石 (i2202),668.5,742/595,13%,13%,8690.5元,1/万分之,1/万分之,1/万分之,50,13.4元,36.6,,0.4211%
粳稻 (JR111),2771,2910/2632,6%,6%,3325.2元,3元,3元,3元,20,6元,14,,0.4210%
玉米淀粉 (cs2209),2885,3058/2712,7%,7%,2019.5元,1.5元,1.5元,0元,10,1.5元,8.5,,0.4209%
菜籽粕 (RM201),2907,3082/2732,7%,7%,2034.9元,1.5元,1.5元,0元,10,1.5元,8.5,主力合约,0.4177%
粳米 (rr2205),3608,3788/3428,6%,6%,2164.8元,1元,1元,0元,10,1元,9,,0.4157%
铁矿石 (i2201),676,750/602,13%,13%,8788元,1/万分之,1/万分之,1/万分之,50,13.5元,36.5,主力合约,0.4153%
粳米 (rr2209),3625,3806/3444,6%,6%,2175元,1元,1元,0元,10,1元,9,,0.4138%
石油沥青 (bu2111),3266,3526/3004,10%,10%,3266元,1/万分之,1/万分之,1/万分之,20,6.5元,13.5,,0.4133%
石油沥青 (bu2112),3292,3554/3028,10%,10%,3292元,1/万分之,1/万分之,1/万分之,20,6.6元,13.4,主力合约,0.4070%
石油沥青 (bu2201),3304,3568/3038,10%,10%,3304元,1/万分之,1/万分之,1/万分之,20,6.6元,13.4,,0.4056%
石油沥青 (bu2203),3308,3572/3042,10%,10%,3308元,1/万分之,1/万分之,1/万分之,20,6.6元,13.4,,0.4051%
石油沥青 (bu2202),3310,3574/3044,10%,10%,3310元,1/万分之,1/万分之,1/万分之,20,6.6元,13.4,,0.4048%
铁矿石 (i2112),692.5,768.5/616.5,13%,13%,9002.5元,1/万分之,1/万分之,1/万分之,50,13.9元,36.1,,0.4010%
石油沥青 (bu2306),3360,3628/3090,10%,10%,3360元,1/万分之,1/万分之,1/万分之,20,6.7元,13.3,,0.3958%
石油沥青 (bu2212),3362,3630/3092,10%,10%,3362元,1/万分之,1/万分之,1/万分之,20,6.7元,13.3,,0.3956%
石油沥青 (bu2206),3364,3632/3094,10%,10%,3364元,1/万分之,1/万分之,1/万分之,20,6.7元,13.3,,0.3954%
石油沥青 (bu2209),3368,3636/3098,10%,10%,3368元,1/万分之,1/万分之,1/万分之,20,6.7元,13.3,,0.3949%
石油沥青 (bu2303),3376,3646/3104,10%,10%,3376元,1/万分之,1/万分之,1/万分之,20,6.8元,13.2,,0.3910%
5年期国债 (TF2206),100.385,101.5849/99.185,1.20%,1.20%,12046.2元,3.03元,3.03元,0元,50,3元,47,,0.3902%
5年期国债 (TF2203),100.59,101.795/99.385,1.20%,1.20%,12070.8元,3.03元,3.03元,0元,50,3元,47,,0.3894%
5年期国债 (TF2112),100.835,102.045/99.625,1.20%,1.20%,12100.2元,3.03元,3.03元,0元,50,3元,47,主力合约,0.3884%
铁矿石 (i2111),720.5,799.5/641.5,13%,13%,9366.5元,1/万分之,1/万分之,1/万分之,50,14.4元,35.6,,0.3801%
豆粕 (m2207),3226,3451/3001,8%,8%,2580.8元,0.2元,0.2元,0元,10,0.2元,9.8,,0.3797%
豆粕 (m2208),3285,3514/3056,8%,8%,2628元,0.2元,0.2元,0元,10,0.2元,9.8,,0.3729%
燃料油 (fu2206),2630,2840/2419,10%,10%,2630元,0.1/万分之,0.1/万分之,0/万分之,10,0.3元,9.7,,0.3688%
豆粕 (m2203),3340,3573/3107,8%,8%,2672元,0.2元,0.2元,0元,10,0.2元,9.8,,0.3668%
燃料油 (fu2207),2656,2868/2443,10%,10%,2656元,0.1/万分之,0.1/万分之,0/万分之,10,0.3元,9.7,,0.3652%
天然橡胶 (ru2110),12885,13915/11850,10%,10%,12885元,3元,3元,0元,50,3元,47,,0.3648%
燃料油 (fu2208),2664,2877/2450,10%,10%,2664元,0.1/万分之,0.1/万分之,0/万分之,10,0.3元,9.7,,0.3641%
黄玉米 (c2111),2451,2622/2280,11%,11%,2696.1元,0.2元,0.2元,0元,10,0.2元,9.8,,0.3635%
天然橡胶 (ru2111),12955,13990/11915,10%,10%,12955元,3元,3元,0元,50,3元,47,,0.3628%
燃料油 (fu2203),2681,2895/2466,10%,10%,2681元,0.1/万分之,0.1/万分之,0/万分之,10,0.3元,9.7,,0.3618%
燃料油 (fu2204),2684,2898/2469,10%,10%,2684元,0.1/万分之,0.1/万分之,0/万分之,10,0.3元,9.7,,0.3614%
黄玉米 (c2203),2470,2642/2298,11%,11%,2717元,0.2元,0.2元,0元,10,0.2元,9.8,,0.3607%
铁矿石 (i2110),755,838/672,13%,13%,9815元,1/万分之,1/万分之,1/万分之,50,15.1元,34.9,,0.3556%
燃料油 (fu2202),2737,2955/2518,10%,10%,2737元,0.1/万分之,0.1/万分之,0/万分之,10,0.3元,9.7,,0.3544%
黄玉米 (c2207),2514,2689/2339,11%,11%,2765.4元,0.2元,0.2元,0元,10,0.2元,9.8,,0.3544%
PTA (TA203),4950,5298/4602,8%,8%,1980元,3元,3元,0元,10,3元,7,,0.3535%
PTA (TA204),4968,5316/4620,8%,8%,1987.2元,3元,3元,0元,10,3元,7,,0.3523%
PTA (TA206),4982,5332/4632,8%,8%,1992.8元,3元,3元,0元,10,3元,7,,0.3513%
PTA (TA205),4984,5334/4634,8%,8%,1993.6元,3元,3元,0元,10,3元,7,,0.3511%
PTA (TA207),4984,5334/4634,8%,8%,1993.6元,3元,3元,0元,10,3元,7,,0.3511%
PTA (TA201),4996,5346/4646,8%,8%,1998.4元,3元,3元,0元,10,3元,7,主力合约,0.3503%
PTA (TA208),4996,5346/4646,8%,8%,1998.4元,3元,3元,0元,10,3元,7,,0.3503%
PTA (TA209),5020,5372/4668,8%,8%,2008元,3元,3元,0元,10,3元,7,,0.3486%
PTA (TA110),4974,5324/4624,10%,10%,2487元,1.5元,1.5元,0元,10,1.5元,8.5,,0.3418%
天然橡胶 (ru2201),13805,14905/12700,10%,10%,13805元,3元,3元,0元,50,3元,47,主力合约,0.3405%
棉花 (CF207),17405,18450/16360,7%,7%,6091.75元,4.3元,4.3元,0元,25,4.3元,20.7,,0.3398%
棉花 (CF205),17425,18475/16375,7%,7%,6098.75元,4.3元,4.3元,0元,25,4.3元,20.7,,0.3394%
棉花 (CF203),17450,18500/16400,7%,7%,6107.5元,4.3元,4.3元,0元,25,4.3元,20.7,,0.3389%
燃料油 (fu2112),2862,3090/2633,10%,10%,2862元,0.1/万分之,0.1/万分之,0/万分之,10,0.3元,9.7,,0.3389%
棉花 (CF209),17485,18535/16435,7%,7%,6119.75元,4.3元,4.3元,0元,25,4.3元,20.7,,0.3382%
天然橡胶 (ru2203),13905,15015/12790,10%,10%,13905元,3元,3元,0元,50,3元,47,,0.3380%
天然橡胶 (ru2204),13935,15045/12820,10%,10%,13935元,3元,3元,0元,50,3元,47,,0.3373%
天然橡胶 (ru2205),13960,15075/12840,10%,10%,13960元,3元,3元,0元,50,3元,47,,0.3367%
天然橡胶 (ru2207),13975,15090/12855,10%,10%,13975元,3元,3元,0元,50,3元,47,,0.3363%
天然橡胶 (ru2206),14035,15155/12910,10%,10%,14035元,3元,3元,0元,50,3元,47,,0.3349%
天然橡胶 (ru2208),14115,15240/12985,10%,10%,14115元,3元,3元,0元,50,3元,47,,0.3330%
天然橡胶 (ru2209),14150,15280/13015,10%,10%,14150元,3元,3元,0元,50,3元,47,,0.3322%
豆粕 (m2112),3695,3953/3437,8%,8%,2956元,0.2元,0.2元,0元,10,0.2元,9.8,,0.3315%
红枣 (CJ209),14520,15540/13500,8%,8%,5808元,3元,3元,3元,25,6元,19,,0.3271%
黄玉米 (c2201),2448,2619/2277,11%,11%,2692.8元,1.2元,1.2元,0元,10,1.2元,8.8,主力合约,0.3268%
豆粕 (m2205),3252,3479/3025,8%,8%,2601.6元,1.5元,1.5元,0元,10,1.5元,8.5,,0.3267%
燃料油 (fu2205),2670,2883/2456,10%,10%,2670元,0.5/万分之,0.5/万分之,0/万分之,10,1.3元,8.7,,0.3258%
燃料油 (fu2209),2670,2883/2456,10%,10%,2670元,0.5/万分之,0.5/万分之,0/万分之,10,1.3元,8.7,,0.3258%
豆粕 (m2209),3283,3512/3054,8%,8%,2626.4元,1.5元,1.5元,0元,10,1.5元,8.5,,0.3236%
豆粕 (m2111),3799,4064/3534,8%,8%,3039.2元,0.2元,0.2元,0元,10,0.2元,9.8,,0.3225%
黄玉米 (c2205),2496,2670/2322,11%,11%,2745.6元,1.2元,1.2元,0元,10,1.2元,8.8,,0.3205%
黄玉米 (c2209),2517,2693/2341,11%,11%,2768.7元,1.2元,1.2元,0元,10,1.2元,8.8,,0.3178%
燃料油 (fu2201),2773,2994/2551,10%,10%,2773元,0.5/万分之,0.5/万分之,0/万分之,10,1.4元,8.6,主力合约,0.3101%
线型低密度聚乙烯 (l2106),7535,8060/7010,20%,20%,7535元,1元,1元,1元,25,2元,23,,0.3052%
沪铅 (pb2110),14655,15825/13480,10%,10%,7327.5元,0.4/万分之,0.4/万分之,0/万分之,25,2.9元,22.1,主力合约,0.3016%
豆粕 (m2201),3533,3780/3286,8%,8%,2826.4元,1.5元,1.5元,0元,10,1.5元,8.5,主力合约,0.3007%
沪铅 (pb2111),14710,15885/13530,10%,10%,7355元,0.4/万分之,0.4/万分之,0/万分之,25,2.9元,22.1,,0.3005%
沪铅 (pb2112),14765,15945/13580,10%,10%,7382.5元,0.4/万分之,0.4/万分之,0/万分之,25,3元,22,,0.2980%
沪铅 (pb2205),14800,15980/13615,10%,10%,7400元,0.4/万分之,0.4/万分之,0/万分之,25,3元,22,,0.2973%
沪铅 (pb2208),14800,15980/13615,10%,10%,7400元,0.4/万分之,0.4/万分之,0/万分之,25,3元,22,,0.2973%
沪铅 (pb2209),14810,15990/13625,10%,10%,7405元,0.4/万分之,0.4/万分之,0/万分之,25,3元,22,,0.2971%
沪铅 (pb2204),14820,16005/13630,10%,10%,7410元,0.4/万分之,0.4/万分之,0/万分之,25,3元,22,,0.2969%
沪铅 (pb2206),14830,16015/13640,10%,10%,7415元,0.4/万分之,0.4/万分之,0/万分之,25,3元,22,,0.2967%
沪铅 (pb2201),14835,16020/13645,10%,10%,7417.5元,0.4/万分之,0.4/万分之,0/万分之,25,3元,22,,0.2966%
沪铅 (pb2202),14850,16035/13660,10%,10%,7425元,0.4/万分之,0.4/万分之,0/万分之,25,3元,22,,0.2963%
沪铅 (pb2207),14865,16050/13675,10%,10%,7432.5元,0.4/万分之,0.4/万分之,0/万分之,25,3元,22,,0.2960%
沪铅 (pb2203),14885,16075/13690,10%,10%,7442.5元,0.4/万分之,0.4/万分之,0/万分之,25,3元,22,,0.2956%
尿素 (UR209),2417,2563/2271,7%,7%,3383.8元,5元,5元,5元,20,10元,10,,0.2955%
尿素 (UR208),2458,2606/2310,7%,7%,3441.2元,5元,5元,5元,20,10元,10,,0.2906%
尿素 (UR207),2469,2618/2320,7%,7%,3456.6元,5元,5元,5元,20,10元,10,,0.2893%
纸浆 (sp2208),5462,5952/4970,11%,11%,6008.2元,0.5/万分之,0.5/万分之,0/万分之,20,2.7元,17.3,,0.2879%
纸浆 (sp2207),5468,5960/4974,11%,11%,6014.8元,0.5/万分之,0.5/万分之,0/万分之,20,2.7元,17.3,,0.2876%
燃料油 (fu2111),2966,3203/2728,10%,10%,2966元,0.5/万分之,0.5/万分之,0/万分之,10,1.5元,8.5,,0.2866%
纸浆 (sp2209),5500,5994/5004,11%,11%,6050元,0.5/万分之,0.5/万分之,0/万分之,20,2.8元,17.2,,0.2843%
线型低密度聚乙烯 (l2107),8095,8660/7530,20%,20%,8095元,1元,1元,1元,25,2元,23,,0.2841%
纸浆 (sp2206),5532,6028/5034,11%,11%,6085.2元,0.5/万分之,0.5/万分之,0/万分之,20,2.8元,17.2,,0.2827%
尿素 (UR206),2536,2689/2383,7%,7%,3550.4元,5元,5元,5元,20,10元,10,,0.2817%
纸浆 (sp2205),5558,6058/5056,11%,11%,6113.8元,0.5/万分之,0.5/万分之,0/万分之,20,2.8元,17.2,,0.2813%
尿素 (UR204),2547,2700/2394,7%,7%,3565.8元,5元,5元,5元,20,10元,10,,0.2804%
纸浆 (sp2203),5590,6092/5086,11%,11%,6149元,0.5/万分之,0.5/万分之,0/万分之,20,2.8元,17.2,,0.2797%
线型低密度聚乙烯 (l2108),8230,8805/7655,20%,20%,8230元,1元,1元,1元,25,2元,23,,0.2795%
纸浆 (sp2204),5616,6120/5110,11%,11%,6177.6元,0.5/万分之,0.5/万分之,0/万分之,20,2.8元,17.2,,0.2784%
纸浆 (sp2202),5642,6148/5134,11%,11%,6206.2元,0.5/万分之,0.5/万分之,0/万分之,20,2.8元,17.2,,0.2771%
纸浆 (sp2201),5690,6202/5176,11%,11%,6259元,0.5/万分之,0.5/万分之,0/万分之,20,2.8元,17.2,,0.2748%
尿素 (UR202),2626,2784/2468,7%,7%,3676.4元,5元,5元,5元,20,10元,10,,0.2720%
纸浆 (sp2112),5732,6246/5216,11%,11%,6305.2元,0.5/万分之,0.5/万分之,0/万分之,20,2.9元,17.1,,0.2712%
低硫燃料油 (lu2203),3457,3733/3180,10%,10%,3457元,0.1/万分之,0.1/万分之,0.1/万分之,10,0.7元,9.3,,0.2690%
红枣 (CJ203),14130,15120/13140,10%,10%,7065元,3元,3元,3元,25,6元,19,,0.2689%
线型低密度聚乙烯 (l2109),8555,9150/7960,20%,20%,8555元,1元,1元,1元,25,2元,23,,0.2688%
红枣 (CJ107),8270,8685/7855,20%,20%,8270元,3元,3元,0元,25,3元,22,,0.2660%
豆油 (y2208),8276,8938/7614,9%,9%,7448.4元,0.2元,0.2元,0元,20,0.2元,19.8,,0.2658%
郑麦 (WH111),2690,2825/2555,7%,7%,3766元,5元,5元,5元,20,10元,10,,0.2655%
郑麦 (WH203),2691,2826/2556,7%,7%,3767.4元,5元,5元,5元,20,10元,10,,0.2654%
尿素 (UR111),2693,2855/2531,7%,7%,3770.2元,5元,5元,5元,20,10元,10,,0.2652%
红枣 (CJ205),14340,15345/13335,10%,10%,7170元,3元,3元,3元,25,6元,19,,0.2650%
尿素 (UR112),2699,2861/2537,7%,7%,3778.6元,5元,5元,5元,20,10元,10,,0.2646%
低硫燃料油 (lu2208),3527,3809/3244,10%,10%,3527元,0.1/万分之,0.1/万分之,0.1/万分之,10,0.7元,9.3,,0.2637%
低硫燃料油 (lu2205),3530,3812/3247,10%,10%,3530元,0.1/万分之,0.1/万分之,0.1/万分之,10,0.7元,9.3,,0.2635%
低硫燃料油 (lu2202),3534,3816/3251,10%,10%,3534元,0.1/万分之,0.1/万分之,0.1/万分之,10,0.7元,9.3,,0.2632%
豆油 (y2207),8378,9048/7708,9%,9%,7540.2元,0.2元,0.2元,0元,20,0.2元,19.8,,0.2626%
红枣 (CJ207),14485,15500/13470,10%,10%,7242.5元,3元,3元,3元,25,6元,19,,0.2623%
郑麦 (WH201),2725,2862/2588,7%,7%,3815元,5元,5元,5元,20,10元,10,,0.2621%
低硫燃料油 (lu2206),3549,3832/3265,10%,10%,3549元,0.1/万分之,0.1/万分之,0.1/万分之,10,0.7元,9.3,,0.2620%
纸浆 (sp2111),5900,6430/5368,11%,11%,6490元,0.5/万分之,0.5/万分之,0/万分之,20,3元,17,,0.2619%
低硫燃料油 (lu2201),3558,3842/3273,10%,10%,3558元,0.1/万分之,0.1/万分之,0.1/万分之,10,0.7元,9.3,,0.2614%
棉花 (CF111),17700,19120/16280,10%,10%,8850元,2元,2元,0元,25,2元,23,,0.2599%
低硫燃料油 (lu2112),3580,3866/3293,10%,10%,3580元,0.1/万分之,0.1/万分之,0.1/万分之,10,0.7元,9.3,主力合约,0.2598%
棕榈 (p2208),7634,8244/7024,10%,10%,7634元,0.2元,0.2元,0元,20,0.2元,19.8,,0.2594%
棕榈 (p2207),7636,8246/7026,10%,10%,7636元,0.2元,0.2元,0元,20,0.2元,19.8,,0.2593%
低硫燃料油 (lu2111),3615,3904/3325,10%,10%,3615元,0.1/万分之,0.1/万分之,0.1/万分之,10,0.7元,9.3,,0.2573%
棉纱 (CY207),23515,24930/22100,7%,7%,8230.25元,4元,4元,0元,25,4元,21,,0.2552%
棕榈 (p2206),7774,8394/7154,10%,10%,7774元,0.2元,0.2元,0元,20,0.2元,19.8,,0.2547%
豆油 (y2203),8738,9436/8040,9%,9%,7864.2元,0.2元,0.2元,0元,20,0.2元,19.8,,0.2518%
郑麦 (WH205),2840,2982/2698,7%,7%,3976元,5元,5元,5元,20,10元,10,,0.2515%
聚氯乙烯 (v2106),9200,9840/8560,20%,20%,9200元,1元,1元,1元,25,2元,23,,0.2500%
棕榈 (p2204),7974,8610/7338,10%,10%,7974元,0.2元,0.2元,0元,20,0.2元,19.8,,0.2483%
棉纱 (CY111),24205,25660/22750,7%,7%,8471.75元,4元,4元,0元,25,4元,21,,0.2479%
聚氯乙烯 (v2107),9300,9950/8650,20%,20%,9300元,1元,1元,1元,25,2元,23,,0.2473%
纸浆 (sp2110),6238,6798/5676,11%,11%,6861.8元,0.5/万分之,0.5/万分之,0/万分之,20,3.1元,16.9,主力合约,0.2463%
棉纱 (CY206),24555,26030/23080,7%,7%,8594.25元,4元,4元,0元,25,4元,21,,0.2443%
棕榈 (p2203),8108,8756/7460,10%,10%,8108元,0.2元,0.2元,0元,20,0.2元,19.8,,0.2442%
郑醇 (MA111),3080,3296/2864,8%,8%,2464元,2元,2元,2元,10,4元,6,,0.2435%
棉纱 (CY205),24685,26170/23200,7%,7%,8639.75元,4元,4元,0元,25,4元,21,,0.2431%
纯碱 (SA110),2855,3084/2626,12%,12%,6852元,3.5元,3.5元,0元,20,3.5元,16.5,,0.2408%
郑醇 (MA202),3115,3334/2896,8%,8%,2492元,2元,2元,2元,10,4元,6,,0.2408%
棉纱 (CY201),25015,26520/23510,7%,7%,8755.25元,4元,4元,0元,25,4元,21,主力合约,0.2399%
棉纱 (CY202),25020,26525/23515,7%,7%,8757元,4元,4元,0元,25,4元,21,,0.2398%
纯碱 (SA111),2869,3099/2639,12%,12%,6885.6元,3.5元,3.5元,0元,20,3.5元,16.5,,0.2396%
棕榈 (p2202),8264,8924/7604,10%,10%,8264元,0.2元,0.2元,0元,20,0.2元,19.8,,0.2396%
聚氯乙烯 (v2108),9645,10320/8970,20%,20%,9645元,1元,1元,1元,25,2元,23,,0.2385%
郑醇 (MA112),3146,3367/2925,8%,8%,2516.8元,2元,2元,2元,10,4元,6,,0.2384%
10年国债 (T2206),98.9149,100.89/96.94,2%,2%,19782.98元,3.03元,3.03元,0元,50,3元,47,,0.2376%
10年国债 (T2203),99.3049,101.29/97.3199,2%,2%,19860.98元,3.03元,3.03元,0元,50,3元,47,,0.2366%
棉花 (CF201),17545,18950/16140,10%,10%,8772.5元,4.3元,4.3元,0元,25,4.3元,20.7,主力合约,0.2360%
10年国债 (T2112),99.615,101.605/97.625,2%,2%,19923元,3.03元,3.03元,0元,50,3元,47,主力合约,0.2359%
棉纱 (CY203),25435,26965/23905,7%,7%,8902.25元,4元,4元,0元,25,4元,21,,0.2359%
豆油 (y2209),8254,8914/7594,9%,9%,7428.6元,2.5元,2.5元,0元,20,2.5元,17.5,,0.2356%
纯碱 (SA112),2928,3163/2693,12%,12%,7027.2元,3.5元,3.5元,0元,20,3.5元,16.5,,0.2348%
豆油 (y2112),9370,10118/8622,9%,9%,8433元,0.2元,0.2元,0元,20,0.2元,19.8,,0.2348%
5年期国债 (TF2106),100.15,101.35/98.95,2%,2%,20030元,3.03元,3.03元,0元,50,3元,47,,0.2346%
纯碱 (SA201),2933,3168/2698,12%,12%,7039.2元,3.5元,3.5元,0元,20,3.5元,16.5,主力合约,0.2344%
纯碱 (SA203),2953,3190/2716,12%,12%,7087.2元,3.5元,3.5元,0元,20,3.5元,16.5,,0.2328%
石油沥青 (bu2109),3012,3252/2770,20%,20%,6024元,1/万分之,1/万分之,1/万分之,20,6元,14,,0.2324%
5年期国债 (TF2109),101.28,102.495/100.065,2%,2%,20256元,3.03元,3.03元,0元,50,3元,47,,0.2320%
纯碱 (SA202),2972,3210/2734,12%,12%,7132.8元,3.5元,3.5元,0元,20,3.5元,16.5,,0.2313%
豆油 (y2111),9574,10338/8810,9%,9%,8616.6元,0.2元,0.2元,0元,20,0.2元,19.8,,0.2298%
纯碱 (SA204),2996,3236/2756,12%,12%,7190.4元,3.5元,3.5元,0元,20,3.5元,16.5,,0.2295%
纯碱 (SA205),2998,3238/2758,12%,12%,7195.2元,3.5元,3.5元,0元,20,3.5元,16.5,,0.2293%
棕榈 (p2209),7638,8248/7028,10%,10%,7638元,2.5元,2.5元,0元,20,2.5元,17.5,,0.2291%
纯碱 (SA207),3008,3249/2767,12%,12%,7219.2元,3.5元,3.5元,0元,20,3.5元,16.5,,0.2286%
豆油 (y2205),8514,9194/7834,9%,9%,7662.6元,2.5元,2.5元,0元,20,2.5元,17.5,,0.2284%
纯碱 (SA208),3012,3253/2771,12%,12%,7228.8元,3.5元,3.5元,0元,20,3.5元,16.5,,0.2283%
20号胶 (nr2106),10500,11550/9450,20%,20%,21000元,0.2/万分之,0/万分之,0/万分之,50,2.1元,47.9,,0.2281%
20号胶 (nr2107),10505,11345/9660,20%,20%,21010元,0.2/万分之,0.2/万分之,0/万分之,50,2.1元,47.9,,0.2280%
石油沥青 (bu2106),3050,3354/2744,20%,20%,6100元,1/万分之,1/万分之,1/万分之,20,6.1元,13.9,,0.2279%
纯碱 (SA209),3019,3261/2777,12%,12%,7245.6元,3.5元,3.5元,0元,20,3.5元,16.5,,0.2277%
纯碱 (SA206),3026,3269/2783,12%,12%,7262.4元,3.5元,3.5元,0元,20,3.5元,16.5,,0.2272%
不锈钢 (ss2206),18585,20255/16910,11%,11%,10221.75元,2元,2元,0元,25,2元,23,,0.2250%
不锈钢 (ss2208),18615,20290/16935,11%,11%,10238.25元,2元,2元,0元,25,2元,23,,0.2246%
不锈钢 (ss2207),18625,20300/16945,11%,11%,10243.75元,2元,2元,0元,25,2元,23,,0.2245%
不锈钢 (ss2209),18650,20325/16970,11%,11%,10257.5元,2元,2元,0元,25,2元,23,,0.2242%
黄大豆2号 (b2206),3982,4300/3664,9%,9%,3583.8元,1元,1元,1元,10,2元,8,,0.2232%
不锈钢 (ss2205),18760,20445/17070,11%,11%,10318元,2元,2元,0元,25,2元,23,,0.2229%
棕榈 (p2112),8896,9606/8186,10%,10%,8896元,0.2元,0.2元,0元,20,0.2元,19.8,,0.2226%
不锈钢 (ss2204),18805,20495/17110,11%,11%,10342.75元,2元,2元,0元,25,2元,23,,0.2224%
棕榈 (p2205),7870,8498/7242,10%,10%,7870元,2.5元,2.5元,0元,20,2.5元,17.5,,0.2224%
聚氯乙烯 (v2109),10345,11065/9625,20%,20%,10345元,1元,1元,1元,25,2元,23,,0.2223%
黄大豆2号 (b2207),4009,4329/3689,9%,9%,3608.1元,1元,1元,1元,10,2元,8,,0.2217%
黄大豆2号 (b2209),4024,4345/3703,9%,9%,3621.6元,1元,1元,1元,10,2元,8,,0.2209%
黄大豆2号 (b2205),4026,4348/3704,9%,9%,3623.4元,1元,1元,1元,10,2元,8,,0.2208%
黄大豆2号 (b2204),4036,4358/3714,9%,9%,3632.4元,1元,1元,1元,10,2元,8,,0.2202%
不锈钢 (ss2203),19025,20735/17310,11%,11%,10463.75元,2元,2元,0元,25,2元,23,,0.2198%
黄大豆2号 (b2208),4051,4375/3727,9%,9%,3645.9元,1元,1元,1元,10,2元,8,,0.2194%
石油沥青 (bu2108),3138,3388/2886,20%,20%,6276元,1/万分之,1/万分之,1/万分之,20,6.3元,13.7,,0.2183%
20号胶 (nr2108),10950,11825/10070,20%,20%,21900元,0.2/万分之,0.2/万分之,0/万分之,50,2.2元,47.8,,0.2183%
不锈钢 (ss2202),19180,20905/17450,11%,11%,10549元,2元,2元,0元,25,2元,23,,0.2180%
20号胶 (nr2109),11005,11885/10120,20%,20%,22010元,0.2/万分之,0.2/万分之,0/万分之,50,2.2元,47.8,,0.2172%
白糖 (SR111),5626,5964/5288,7%,7%,3938.2元,1.5元,1.5元,0元,10,1.5元,8.5,,0.2158%
棕榈 (p2111),9176,9910/8442,10%,10%,9176元,0.2元,0.2元,0元,20,0.2元,19.8,,0.2158%
棕榈 (p2110),9200,9936/8464,10%,10%,9200元,0.2元,0.2元,0元,20,0.2元,19.8,,0.2152%
玻璃 (FG207),2077,2223/1931,9%,9%,3738.6元,6元,6元,6元,20,12元,8,,0.2140%
豆油 (y2201),9094,9820/8368,9%,9%,8184.6元,2.5元,2.5元,0元,20,2.5元,17.5,主力合约,0.2138%
玻璃 (FG209),2083,2229/1937,9%,9%,3749.4元,6元,6元,6元,20,12元,8,,0.2134%
黄大豆2号 (b2203),4167,4500/3834,9%,9%,3750.3元,1元,1元,1元,10,2元,8,,0.2133%
玻璃 (FG208),2084,2230/1938,9%,9%,3751.2元,6元,6元,6元,20,12元,8,,0.2133%
玻璃 (FG206),2097,2244/1950,9%,9%,3774.6元,6元,6元,6元,20,12元,8,,0.2119%
黄大豆2号 (b2202),4268,4609/3927,9%,9%,3841.2元,1元,1元,1元,10,2元,8,,0.2083%
纯碱 (SA106),1990,2130/1850,20%,20%,7960元,3.5元,3.5元,0元,20,3.5元,16.5,,0.2073%
棕榈 (p2201),8524,9204/7844,10%,10%,8524元,2.5元,2.5元,0元,20,2.5元,17.5,主力合约,0.2053%
纯碱 (SA107),2016,2158/1874,20%,20%,8064元,3.5元,3.5元,0元,20,3.5元,16.5,,0.2046%
黄大豆2号 (b2201),4392,4743/4041,9%,9%,3952.8元,1元,1元,1元,10,2元,8,,0.2024%
石油沥青 (bu2107),3322,3586/3056,20%,20%,6644元,1/万分之,1/万分之,1/万分之,20,6.6元,13.4,,0.2017%
沪锌 (zn2205),22300,24080/20515,10%,10%,11150元,3元,3元,0元,25,3元,22,,0.1973%
郑醇 (MA110),3042,3255/2829,10%,10%,3042元,2元,2元,2元,10,4元,6,,0.1972%
不锈钢 (ss2201),19495,21440/17545,12%,12%,11697元,2元,2元,0元,25,2元,23,,0.1966%
沪锌 (zn2209),22390,24180/20595,10%,10%,11195元,3元,3元,0元,25,3元,22,,0.1965%
沪锌 (zn2207),22465,24260/20665,10%,10%,11232.5元,3元,3元,0元,25,3元,22,,0.1959%
沪锌 (zn2208),22465,24260/20665,10%,10%,11232.5元,3元,3元,0元,25,3元,22,,0.1959%
沪锌 (zn2204),22480,24275/20680,10%,10%,11240元,3元,3元,0元,25,3元,22,,0.1957%
沪锌 (zn2202),22500,24300/20700,10%,10%,11250元,3元,3元,0元,25,3元,22,,0.1956%
黄大豆2号 (b2112),4547,4910/4184,9%,9%,4092.3元,1元,1元,1元,10,2元,8,,0.1955%
沪锌 (zn2201),22560,24360/20755,10%,10%,11280元,3元,3元,0元,25,3元,22,,0.1950%
沪锌 (zn2203),22570,24375/20760,10%,10%,11285元,3元,3元,0元,25,3元,22,,0.1949%
沪锌 (zn2112),22600,24405/20790,10%,10%,11300元,3元,3元,0元,25,3元,22,,0.1947%
沪锌 (zn2206),22605,24410/20795,10%,10%,11302.5元,3元,3元,0元,25,3元,22,,0.1946%
沪锌 (zn2110),22610,24415/20800,10%,10%,11305元,3元,3元,0元,25,3元,22,主力合约,0.1946%
沪锌 (zn2111),22620,24425/20810,10%,10%,11310元,3元,3元,0元,25,3元,22,,0.1945%
黄大豆2号 (b2110),4596,4963/4229,9%,9%,4136.4元,1元,1元,1元,10,2元,8,,0.1934%
不锈钢 (ss2112),19830,21810/17845,12%,12%,11898元,2元,2元,0元,25,2元,23,,0.1933%
黄大豆2号 (b2111),4661,5033/4289,9%,9%,4194.9元,1元,1元,1元,10,2元,8,主力合约,0.1907%
不锈钢 (ss2111),20150,22165/18135,12%,12%,12090元,2元,2元,0元,25,2元,23,,0.1902%
尿素 (UR110),2650,2809/2491,10%,10%,5300元,5元,5元,5元,20,10元,10,,0.1887%
天然橡胶 (ru2109),12650,13660/11635,20%,20%,25300元,3元,3元,0元,50,3元,47,,0.1858%
PTA (TA106),4584,4814/4354,20%,20%,4584元,1.5元,1.5元,0元,10,1.5元,8.5,,0.1854%
天然橡胶 (ru2106),12700,13970/11430,20%,20%,25400元,3元,3元,0元,50,3元,47,,0.1850%
原油 (sc2406),433,467.6/398.3,10%,10%,43300元,20元,20元,0元,100,20元,80,,0.1848%
原油 (sc2403),434.9,469.6/400.1,10%,10%,43490元,20元,20元,0元,100,20元,80,,0.1840%
原油 (sc2309),437.2,472.1/402.2,10%,10%,43720元,20元,20元,0元,100,20元,80,,0.1830%
原油 (sc2209),440.9,476.1/405.6,10%,10%,44090元,20元,20元,0元,100,20元,80,,0.1814%
天然橡胶 (ru2107),13000,14040/11960,20%,20%,26000元,3元,3元,0元,50,3元,47,,0.1808%
原油 (sc2306),445,480.6/409.4,10%,10%,44500元,20元,20元,0元,100,20元,80,,0.1798%
原油 (sc2207),448.5,484.3/412.6,10%,10%,44850元,20元,20元,0元,100,20元,80,,0.1784%
原油 (sc2312),449.9,485.8/413.9,10%,10%,44990元,20元,20元,0元,100,20元,80,,0.1778%
原油 (sc2303),450,486/414,10%,10%,45000元,20元,20元,0元,100,20元,80,,0.1778%
尿素 (UR205),2557,2788/2326,11%,11%,5625.4元,5元,5元,5元,20,10元,10,,0.1778%
原油 (sc2206),450.5,486.5/414.4,10%,10%,45050元,20元,20元,0元,100,20元,80,,0.1776%
原油 (sc2212),450.6,486.6/414.5,10%,10%,45060元,20元,20元,0元,100,20元,80,,0.1775%
原油 (sc2205),452.6,488.8/416.3,10%,10%,45260元,20元,20元,0元,100,20元,80,,0.1768%
黄玉米 (c2107),2785,2979/2591,20%,20%,5570元,0.2元,0.2元,0元,10,0.2元,9.8,,0.1759%
天然橡胶 (ru2108),13405,14475/12330,20%,20%,26810元,3元,3元,0元,50,3元,47,,0.1753%
原油 (sc2204),458.3,494.9/421.6,10%,10%,45830元,20元,20元,0元,100,20元,80,,0.1746%
原油 (sc2203),459.6,496.3/422.8,10%,10%,45960元,20元,20元,0元,100,20元,80,,0.1741%
尿素 (UR203),2621,2857/2385,11%,11%,5766.2元,5元,5元,5元,20,10元,10,,0.1734%
原油 (sc2202),463,500/425.9,10%,10%,46300元,20元,20元,0元,100,20元,80,,0.1728%
纤维板 (fb2202),1332.5,1399/1266,10%,10%,1332.5元,1/万分之,1/万分之,1/万分之,5,2.7元,2.3,,0.1726%
纤维板 (fb2111),1333,1399.5/1266.5,10%,10%,1333元,1/万分之,1/万分之,1/万分之,5,2.7元,2.3,,0.1725%
黄玉米 (c2109),2555,2733/2377,20%,20%,5110元,1.2元,1.2元,0元,10,1.2元,8.8,,0.1722%
锰硅 (SM202),9894,10686/9102,10%,10%,4947元,1.5元,1.5元,0元,10,1.5元,8.5,,0.1718%
原油 (sc2201),466.8,504.1/429.4,10%,10%,46680元,20元,20元,0元,100,20元,80,,0.1714%
纤维板 (fb2110),1344.5,1411.5/1277.5,10%,10%,1344.5元,1/万分之,1/万分之,1/万分之,5,2.7元,2.3,主力合约,0.1711%
尿素 (UR201),2660,2900/2420,11%,11%,5852元,5元,5元,5元,20,10元,10,主力合约,0.1709%
白糖 (SR201),5868,6221/5515,7%,7%,4107.6元,3元,3元,0元,10,3元,7,主力合约,0.1704%
纯碱 (SA108),2422,2592/2252,20%,20%,9688元,3.5元,3.5元,0元,20,3.5元,16.5,,0.1703%
原油 (sc2112),472.3,510/434.5,10%,10%,47230元,20元,20元,0元,100,20元,80,,0.1694%
白糖 (SR203),5907,6262/5552,7%,7%,4134.9元,3元,3元,0元,10,3元,7,,0.1693%
纤维板 (fb2203),1360,1428/1292,10%,10%,1360元,1/万分之,1/万分之,1/万分之,5,2.7元,2.3,,0.1691%
燃料油 (fu2108),2573,2778/2367,20%,20%,5146元,0.5/万分之,0.5/万分之,0/万分之,10,1.3元,8.7,,0.1691%
白糖 (SR205),5930,6286/5574,7%,7%,4151元,3元,3元,0元,10,3元,7,,0.1686%
棉纱 (CY110),24935,26435/23435,10%,10%,12467.5元,4元,4元,0元,25,4元,21,,0.1684%
纤维板 (fb2112),1365.5,1433.5/1297.5,10%,10%,1365.5元,1/万分之,1/万分之,1/万分之,5,2.7元,2.3,,0.1684%
纤维板 (fb2201),1370.5,1439/1302,10%,10%,1370.5元,1/万分之,1/万分之,1/万分之,5,2.7元,2.3,,0.1678%
白糖 (SR207),5963,6321/5605,7%,7%,4174.1元,3元,3元,0元,10,3元,7,,0.1677%
原油 (sc2111),478.4,516.6/440.1,10%,10%,47840元,20元,20元,0元,100,20元,80,主力合约,0.1672%
玉米淀粉 (cs2107),2934,3110/2758,20%,20%,5868元,0.2元,0.2元,0元,10,0.2元,9.8,,0.1670%
锰硅 (SM111),10180,10996/9364,10%,10%,5090元,1.5元,1.5元,0元,10,1.5元,8.5,,0.1670%
白糖 (SR209),5989,6349/5629,7%,7%,4192.3元,3元,3元,0元,10,3元,7,,0.1670%
锰硅 (SM110),10182,10998/9366,10%,10%,5091元,1.5元,1.5元,0元,10,1.5元,8.5,,0.1670%
锰硅 (SM112),10214,11032/9396,10%,10%,5107元,1.5元,1.5元,0元,10,1.5元,8.5,,0.1664%
PTA (TA107),5128,5386/4870,20%,20%,5128元,1.5元,1.5元,0元,10,1.5元,8.5,,0.1658%
燃料油 (fu2107),2684,2898/2469,20%,20%,5368元,0.5/万分之,0/万分之,0/万分之,10,1.3元,8.7,,0.1621%
锰硅 (SM208),8692,9388/7996,10%,10%,4346元,3元,3元,0元,10,3元,7,,0.1611%
PTA (TA108),5312,5578/5046,20%,20%,5312元,1.5元,1.5元,0元,10,1.5元,8.5,,0.1600%
普通小麦 (PM107),2510,2636/2384,20%,20%,25100元,5元,5元,5元,50,10元,40,,0.1594%
10年国债 (T2106),98.4799,100.4449/96.515,3%,3%,29543.97元,3.03元,3.03元,0元,50,3元,47,,0.1591%
普通小麦 (PM109),2518,2644/2392,20%,20%,25180元,5元,5元,5元,50,10元,40,,0.1589%
纤维板 (fb2204),1389,1458/1320,10%,10%,1389元,1/万分之,1/万分之,1/万分之,5,2.8元,2.2,,0.1584%
纤维板 (fb2205),1391.5,1461/1322,10%,10%,1391.5元,1/万分之,1/万分之,1/万分之,5,2.8元,2.2,,0.1581%
10年国债 (T2109),100.135,102.135/98.135,3%,3%,30040.5元,3.03元,3.03元,0元,50,3元,47,,0.1565%
锰硅 (SM209),9036,9760/8312,10%,10%,4518元,3元,3元,0元,10,3元,7,,0.1549%
锰硅 (SM207),9096,9824/8368,10%,10%,4548元,3元,3元,0元,10,3元,7,,0.1539%
菜籽粕 (RM107),2934,3111/2757,20%,20%,5868元,1元,1元,0元,10,1元,9,,0.1534%
锰硅 (SM206),9170,9904/8436,10%,10%,4585元,3元,3元,0元,10,3元,7,,0.1527%
菜籽粕 (RM108),2965,3143/2787,20%,20%,5930元,1元,1元,0元,10,1元,9,,0.1518%
粳稻 (JR107),2310,2426/2194,20%,20%,9240元,3元,3元,3元,20,6元,14,,0.1515%
硅铁 (SF202),11264,12166/10362,10%,10%,5632元,1.5元,1.5元,0元,10,1.5元,8.5,,0.1509%
锰硅 (SM205),9290,10034/8546,10%,10%,4645元,3元,3元,0元,10,3元,7,,0.1507%
国际铜 (bc2110),62400,67390/57400,10%,10%,31200元,0.1/万分之,0.1/万分之,0/万分之,50,3.1元,46.9,,0.1503%
国际铜 (bc2111),62490,67480/57490,10%,10%,31245元,0.1/万分之,0.1/万分之,0/万分之,50,3.1元,46.9,主力合约,0.1501%
国际铜 (bc2112),62530,67530/57520,10%,10%,31265元,0.1/万分之,0.1/万分之,0/万分之,50,3.1元,46.9,,0.1500%
锰硅 (SM204),9342,10090/8594,10%,10%,4671元,3元,3元,0元,10,3元,7,,0.1499%
国际铜 (bc2202),62600,67600/57590,10%,10%,31300元,0.1/万分之,0.1/万分之,0/万分之,50,3.1元,46.9,,0.1498%
国际铜 (bc2208),62630,67640/57610,10%,10%,31315元,0.1/万分之,0.1/万分之,0/万分之,50,3.1元,46.9,,0.1498%
国际铜 (bc2201),62720,67730/57700,10%,10%,31360元,0.1/万分之,0.1/万分之,0/万分之,50,3.1元,46.9,,0.1496%
国际铜 (bc2203),62810,67830/57780,10%,10%,31405元,0.1/万分之,0.1/万分之,0/万分之,50,3.1元,46.9,,0.1493%
白银 (ag2204),5051,5556/4545,12%,12%,9091.8元,0.1/万分之,0.1/万分之,0.1/万分之,15,1.5元,13.5,,0.1485%
沪铅 (pb2109),14835,16020/13645,20%,20%,14835元,0.4/万分之,0.4/万分之,0/万分之,25,3元,22,,0.1483%
PTA (TA109),4722,5006/4438,20%,20%,4722元,3元,3元,0元,10,3元,7,,0.1482%
白银 (ag2201),5064,5570/4557,12%,12%,9115.2元,0.1/万分之,0.1/万分之,0.1/万分之,15,1.5元,13.5,,0.1481%
白银 (ag2205),5069,5575/4562,12%,12%,9124.2元,0.1/万分之,0.1/万分之,0.1/万分之,15,1.5元,13.5,,0.1480%
白银 (ag2202),5075,5582/4567,12%,12%,9135元,0.1/万分之,0.1/万分之,0.1/万分之,15,1.5元,13.5,,0.1478%
白银 (ag2203),5083,5591/4574,12%,12%,9149.4元,0.1/万分之,0.1/万分之,0.1/万分之,15,1.5元,13.5,,0.1476%
低硫燃料油 (lu2109),3201,3457/2944,20%,20%,6402元,0.1/万分之,0.1/万分之,0.1/万分之,10,0.6元,9.4,,0.1468%
白银 (ag2208),5117,5628/4605,12%,12%,9210.6元,0.1/万分之,0.1/万分之,0.1/万分之,15,1.5元,13.5,,0.1466%
白银 (ag2207),5137,5650/4623,12%,12%,9246.6元,0.1/万分之,0.1/万分之,0.1/万分之,15,1.5元,13.5,,0.1460%
锰硅 (SM203),9680,10456/8904,10%,10%,4840元,3元,3元,0元,10,3元,7,,0.1446%
沪铝 (al2207),21980,24175/19780,12%,12%,13188元,3元,3元,3元,25,6元,19,,0.1441%
沪铝 (al2209),22055,24260/19845,12%,12%,13233元,3元,3元,3元,25,6元,19,,0.1436%
沪铝 (al2206),22060,24265/19850,12%,12%,13236元,3元,3元,3元,25,6元,19,,0.1435%
粳米 (rr2108),3417,3622/3212,20%,20%,6834元,0.2元,0.2元,0元,10,0.2元,9.8,,0.1434%
沪铝 (al2205),22105,24315/19890,12%,12%,13263元,3元,3元,3元,25,6元,19,,0.1433%
硅铁 (SF209),9788,10572/9004,10%,10%,4894元,3元,3元,0元,10,3元,7,,0.1430%
沪铅 (pb2106),15355,16735/13970,20%,20%,15355元,0.4/万分之,0/万分之,0/万分之,25,3.1元,21.9,,0.1426%
沪铅 (pb2108),15355,16580/14125,20%,20%,15355元,0.4/万分之,0.4/万分之,0/万分之,25,3.1元,21.9,,0.1426%
沪铝 (al2204),22230,24450/20005,12%,12%,13338元,3元,3元,3元,25,6元,19,,0.1425%
沪铝 (al2208),22250,24475/20025,12%,12%,13350元,3元,3元,3元,25,6元,19,,0.1423%
不锈钢 (ss2106),16170,17460/14875,20%,20%,16170元,2元,2元,0元,25,2元,23,,0.1422%
沪铝 (al2202),22275,24500/20045,12%,12%,13365元,3元,3元,3元,25,6元,19,,0.1422%
硅铁 (SF110),11972,12930/11014,10%,10%,5986元,1.5元,1.5元,0元,10,1.5元,8.5,,0.1420%
沪铝 (al2203),22325,24555/20090,12%,12%,13395元,3元,3元,3元,25,6元,19,,0.1418%
短纤 (PF111),7054,7548/6560,8%,8%,2821.6元,3元,3元,3元,10,6元,4,,0.1418%
硅铁 (SF208),9886,10678/9094,10%,10%,4943元,3元,3元,0元,10,3元,7,,0.1416%
短纤 (PF112),7078,7574/6582,8%,8%,2831.2元,3元,3元,3元,10,6元,4,,0.1413%
沪铅 (pb2107),15520,16760/14275,20%,20%,15520元,0.4/万分之,0.4/万分之,0/万分之,25,3.1元,21.9,,0.1411%
玉米淀粉 (cs2109),3013,3193/2833,20%,20%,6026元,1.5元,1.5元,0元,10,1.5元,8.5,,0.1411%
沪铝 (al2201),22460,24705/20210,12%,12%,13476元,3元,3元,3元,25,6元,19,,0.1410%
短纤 (PF201),7100,7598/6602,8%,8%,2840元,3元,3元,3元,10,6元,4,主力合约,0.1408%
粳稻 (JR109),2487,2612/2362,20%,20%,9948元,3元,3元,3元,20,6元,14,,0.1407%
棉花 (CF107),16390,17375/15405,20%,20%,16390元,2元,2元,0元,25,2元,23,,0.1403%
沪铝 (al2112),22605,24865/20340,12%,12%,13563元,3元,3元,3元,25,6元,19,,0.1401%
短纤 (PF207),7142,7642/6642,8%,8%,2856.8元,3元,3元,3元,10,6元,4,,0.1400%
粳米 (rr2107),3500,3710/3290,20%,20%,7000元,0.2元,0.2元,0元,10,0.2元,9.8,,0.1400%
短纤 (PF204),7146,7648/6644,8%,8%,2858.4元,3元,3元,3元,10,6元,4,,0.1399%
沪铝 (al2111),22650,24915/20385,12%,12%,13590元,3元,3元,3元,25,6元,19,,0.1398%
沪铝 (al2110),22670,24935/20400,12%,12%,13602元,3元,3元,3元,25,6元,19,主力合约,0.1397%
短纤 (PF202),7174,7678/6670,8%,8%,2869.6元,3元,3元,3元,10,6元,4,,0.1394%
短纤 (PF208),7174,7678/6670,8%,8%,2869.6元,3元,3元,3元,10,6元,4,,0.1394%
菜籽粕 (RM109),3052,3236/2868,20%,20%,6104元,1.5元,1.5元,0元,10,1.5元,8.5,,0.1393%
短纤 (PF203),7186,7690/6682,8%,8%,2874.4元,3元,3元,3元,10,6元,4,,0.1392%
短纤 (PF206),7190,7694/6686,8%,8%,2876元,3元,3元,3元,10,6元,4,,0.1391%
硅铁 (SF206),10074,10880/9268,10%,10%,5037元,3元,3元,0元,10,3元,7,,0.1390%
硅铁 (SF207),10074,10880/9268,10%,10%,5037元,3元,3元,0元,10,3元,7,,0.1390%
短纤 (PF205),7198,7702/6694,8%,8%,2879.2元,3元,3元,3元,10,6元,4,,0.1389%
锰硅 (SM201),10188,11004/9372,10%,10%,5094元,3元,3元,0元,10,3元,7,主力合约,0.1374%
豆粕 (m2107),3568,3817/3319,20%,20%,7136元,0.2元,0.2元,0元,10,0.2元,9.8,,0.1373%
纸浆 (sp2106),6196,6690/5700,20%,20%,12392元,0.5/万分之,0/万分之,0/万分之,20,3.1元,16.9,,0.1364%
粳米 (rr2106),3610,3826/3394,20%,20%,7220元,0.2元,0.2元,0元,10,0.2元,9.8,,0.1357%
低硫燃料油 (lu2107),3430,3704/3155,20%,20%,6860元,0.1/万分之,0.1/万分之,0.1/万分之,10,0.7元,9.3,,0.1356%
硅铁 (SF112),12554,13560/11548,10%,10%,6277元,1.5元,1.5元,0元,10,1.5元,8.5,,0.1354%
硅铁 (SF205),10350,11178/9522,10%,10%,5175元,3元,3元,0元,10,3元,7,,0.1353%
豆粕 (m2108),3625,3878/3372,20%,20%,7250元,0.2元,0.2元,0元,10,0.2元,9.8,,0.1352%
燃料油 (fu2109),2706,2922/2489,20%,20%,5412元,0.5/万分之,0.5/万分之,0.5/万分之,10,2.7元,7.3,,0.1349%
低硫燃料油 (lu2108),3450,3726/3174,20%,20%,6900元,0.1/万分之,0.1/万分之,0.1/万分之,10,0.7元,9.3,,0.1348%
硅铁 (SF111),12636,13648/11624,10%,10%,6318元,1.5元,1.5元,0元,10,1.5元,8.5,,0.1345%
焦煤 (jm2106),1804,1948/1660,20%,20%,21648元,0.06/万分之,0.06/万分之,0.06/万分之,30,1.3元,28.7,,0.1326%
低硫燃料油 (lu2110),3511,3791/3230,20%,20%,7022元,0.1/万分之,0.1/万分之,0.1/万分之,10,0.7元,9.3,,0.1324%
粳米 (rr2109),3400,3604/3196,20%,20%,6800元,1元,1元,0元,10,1元,9,,0.1324%
硅铁 (SF204),10682,11538/9826,10%,10%,5341元,3元,3元,0元,10,3元,7,,0.1311%
燃料油 (fu2110),3213,3470/2955,20%,20%,6426元,0.5/万分之,0.5/万分之,0/万分之,10,1.6元,8.4,,0.1307%
不锈钢 (ss2107),17700,18935/16460,20%,20%,17700元,2元,2元,0元,25,2元,23,,0.1299%
纸浆 (sp2108),6466,6918/6012,20%,20%,12932元,0.5/万分之,0.5/万分之,0/万分之,20,3.2元,16.8,,0.1299%
纸浆 (sp2107),6490,6944/6034,20%,20%,12980元,0.5/万分之,0.5/万分之,0/万分之,20,3.2元,16.8,,0.1294%
纸浆 (sp2109),6520,6976/6062,20%,20%,13040元,0.5/万分之,0.5/万分之,0/万分之,20,3.3元,16.7,,0.1281%
硅铁 (SF203),11010,11892/10128,10%,10%,5505元,3元,3元,0元,10,3元,7,,0.1272%
玻璃 (FG205),2108,2256/1960,15%,15%,6324元,6元,6元,6元,20,12元,8,,0.1265%
铁矿石 (i2108),1106,1216.5/995.5,20%,20%,22120元,1/万分之,1/万分之,1/万分之,50,22.1元,27.9,,0.1261%
玻璃 (FG204),2145,2296/1994,15%,15%,6435元,6元,6元,6元,20,12元,8,,0.1243%
棕榈 (p2107),7998,8636/7360,20%,20%,15996元,0.2元,0.2元,0元,20,0.2元,19.8,,0.1238%
玻璃 (FG203),2195,2349/2041,15%,15%,6585元,6元,6元,6元,20,12元,8,,0.1215%
乙二醇 (eg2206),5343,5770/4916,11%,11%,5877.3元,3元,3元,0元,10,3元,7,,0.1191%
乙二醇 (eg2208),5351,5779/4923,11%,11%,5886.1元,3元,3元,0元,10,3元,7,,0.1189%
线材 (wr2207),5494,6043/4944,12%,12%,6592.8元,0.4/万分之,0.4/万分之,0/万分之,10,2.2元,7.8,,0.1183%
郑醇 (MA108),2537,2715/2359,20%,20%,5074元,2元,2元,2元,10,4元,6,,0.1182%
郑醇 (MA107),2545,2724/2366,20%,20%,5090元,2元,2元,2元,10,4元,6,,0.1179%
玻璃 (FG202),2264,2423/2105,15%,15%,6792元,6元,6元,6元,20,12元,8,,0.1178%
乙二醇 (eg2205),5411,5843/4979,11%,11%,5952.1元,3元,3元,0元,10,3元,7,,0.1176%
乙二醇 (eg2204),5414,5847/4981,11%,11%,5955.4元,3元,3元,0元,10,3元,7,,0.1175%
乙二醇 (eg2203),5418,5851/4985,11%,11%,5959.8元,3元,3元,0元,10,3元,7,,0.1175%
锰硅 (SM107),7250,7686/6814,20%,20%,7250元,1.5元,1.5元,0元,10,1.5元,8.5,,0.1172%
棉花 (CF109),17695,18760/16630,20%,20%,17695元,4.3元,4.3元,0元,25,4.3元,20.7,,0.1170%
郑醇 (MA106),2570,2750/2390,20%,20%,5140元,2元,2元,2元,10,4元,6,,0.1167%
乙二醇 (eg2202),5454,5890/5018,11%,11%,5999.4元,3元,3元,0元,10,3元,7,,0.1167%
焦煤 (jm2108),2039.5,2202.5/1876.5,20%,20%,24474元,0.06/万分之,0.06/万分之,0.06/万分之,30,1.5元,28.5,,0.1165%
菜籽油 (OI111),11061,11725/10397,7%,7%,7742.7元,1元,1元,0元,10,1元,9,,0.1162%
乙二醇 (eg2201),5479,5917/5041,11%,11%,6026.9元,3元,3元,0元,10,3元,7,主力合约,0.1161%
硅铁 (SF201),12126,13098/11154,10%,10%,6063元,3元,3元,0元,10,3元,7,主力合约,0.1155%
乙二醇 (eg2112),5519,5960/5078,11%,11%,6070.9元,3元,3元,0元,10,3元,7,,0.1153%
乙二醇 (eg2110),5545,5988/5102,11%,11%,6099.5元,3元,3元,0元,10,3元,7,,0.1148%
乙二醇 (eg2111),5545,5988/5102,11%,11%,6099.5元,3元,3元,0元,10,3元,7,,0.1148%
玻璃 (FG201),2332,2496/2168,15%,15%,6996元,6元,6元,6元,20,12元,8,主力合约,0.1144%
短纤 (PF110),7010,7502/6518,10%,10%,3505元,3元,3元,3元,10,6元,4,,0.1141%
线材 (wr2205),5663,6229/5096,12%,12%,6795.6元,0.4/万分之,0.4/万分之,0/万分之,10,2.3元,7.7,,0.1133%
不锈钢 (ss2108),18620,19920/17315,20%,20%,18620元,2元,2元,2元,25,4元,21,,0.1128%
锰硅 (SM106),7590,8046/7134,20%,20%,7590元,1.5元,1.5元,0元,10,1.5元,8.5,,0.1120%
豆粕 (m2109),3830,4098/3562,20%,20%,7660元,1.5元,1.5元,0元,10,1.5元,8.5,,0.1110%
豆油 (y2107),8940,9564/8316,20%,20%,17880元,0.2元,0.2元,0元,20,0.2元,19.8,,0.1107%
菜籽油 (OI209),10326,10946/9706,7%,7%,7228.2元,2元,2元,0元,10,2元,8,,0.1107%
线材 (wr2202),5809,6389/5228,12%,12%,6970.8元,0.4/万分之,0.4/万分之,0/万分之,10,2.3元,7.7,,0.1105%
豆油 (y2108),8998,9626/8370,20%,20%,17996元,0.2元,0.2元,0元,20,0.2元,19.8,,0.1100%
锰硅 (SM108),7736,8202/7270,20%,20%,7736元,1.5元,1.5元,0元,10,1.5元,8.5,,0.1099%
线材 (wr2204),5871,6458/5283,12%,12%,7045.2元,0.4/万分之,0.4/万分之,0/万分之,10,2.3元,7.7,,0.1093%
菜籽油 (OI207),10502,11133/9871,7%,7%,7351.4元,2元,2元,0元,10,2元,8,,0.1088%
焦煤 (jm2107),2200,2376/2024,20%,20%,26400元,0.06/万分之,0.06/万分之,0.06/万分之,30,1.6元,28.4,,0.1076%
菜籽油 (OI205),10628,11266/9990,7%,7%,7439.6元,2元,2元,0元,10,2元,8,,0.1075%
棕榈 (p2106),9280,10022/8538,20%,20%,18560元,0.2元,0.2元,0元,20,0.2元,19.8,,0.1067%
纤维板 (fb2109),1223,1296/1150,20%,20%,2446元,1/万分之,1/万分之,1/万分之,5,2.4元,2.6,,0.1063%
线材 (wr2201),5993,6592/5393,12%,12%,7191.6元,0.4/万分之,0.4/万分之,0/万分之,10,2.4元,7.6,,0.1057%
玻璃 (FG112),2535,2713/2357,15%,15%,7605元,6元,6元,6元,20,12元,8,,0.1052%
菜籽油 (OI203),10869,11522/10216,7%,7%,7608.3元,2元,2元,0元,10,2元,8,,0.1051%
线材 (wr2112),6039,6642/5435,12%,12%,7246.8元,0.4/万分之,0.4/万分之,0/万分之,10,2.4元,7.6,,0.1049%
线材 (wr2111),6056,6661/5450,12%,12%,7267.2元,0.4/万分之,0.4/万分之,0/万分之,10,2.4元,7.6,,0.1046%
菜籽油 (OI201),10961,11619/10303,7%,7%,7672.7元,2元,2元,0元,10,2元,8,主力合约,0.1043%
棕榈 (p2108),9612,10380/8844,20%,20%,19224元,0.2元,0.2元,0元,20,0.2元,19.8,,0.1030%
沪铝 (al2106),18500,20165/16835,20%,20%,18500元,3元,3元,3元,25,6元,19,,0.1027%
硅铁 (SF107),8296,8794/7798,20%,20%,8296元,1.5元,1.5元,0元,10,1.5元,8.5,,0.1025%
硅铁 (SF106),8314,8814/7814,20%,20%,8314元,1.5元,1.5元,0元,10,1.5元,8.5,,0.1022%
尿素 (UR106),2458,2606/2310,20%,20%,9832元,5元,5元,5元,20,10元,10,,0.1017%
红枣 (CJ112),13800,14770/12830,10%,10%,6900元,9元,9元,9元,25,18元,7,,0.1014%
沪锌 (zn2107),21850,23595/20100,20%,20%,21850元,3元,3元,0元,25,3元,22,,0.1007%
红枣 (CJ201),13915,14890/12940,10%,10%,6957.5元,9元,9元,9元,25,18元,7,主力合约,0.1006%
线材 (wr2110),6225,6847/5602,12%,12%,7470元,0.4/万分之,0.4/万分之,0/万分之,10,2.5元,7.5,,0.1004%
黄大豆2号 (b2107),3994,4313/3675,20%,20%,7988元,1元,1元,1元,10,2元,8,,0.1002%
玻璃 (FG111),2678,2866/2490,15%,15%,8034元,6元,6元,6元,20,12元,8,,0.0996%
玻璃 (FG110),2688,2877/2499,15%,15%,8064元,6元,6元,6元,20,12元,8,,0.0992%
沪铝 (al2107),19245,20780/17705,20%,20%,19245元,3元,3元,3元,25,6元,19,,0.0987%
沪锌 (zn2108),22370,24155/20580,20%,20%,22370元,3元,3元,0元,25,3元,22,,0.0983%
尿素 (UR109),2546,2699/2393,20%,20%,10184元,5元,5元,5元,20,10元,10,,0.0982%
沪锌 (zn2106),22430,24445/20410,20%,20%,22430元,3元,3元,0元,25,3元,22,,0.0981%
尿素 (UR108),2567,2722/2412,20%,20%,10268元,5元,5元,5元,20,10元,10,,0.0974%
沪锌 (zn2109),22665,24475/20850,20%,20%,22665元,3元,3元,0元,25,3元,22,,0.0971%
郑麦 (WH107),2633,2765/2501,20%,20%,10532元,5元,5元,5元,20,10元,10,,0.0949%
沪铝 (al2108),20050,21650/18445,20%,20%,20050元,3元,3元,3元,25,6元,19,,0.0948%
焦炭 (j2106),2493.5,2692.5/2294.5,20%,20%,49870元,0.06/万分之,0.06/万分之,0.06/万分之,50,3元,47,,0.0942%
棕榈 (p2109),9298,10040/8556,20%,20%,18596元,2.5元,2.5元,0元,20,2.5元,17.5,,0.0941%
硅铁 (SF108),9066,9610/8522,20%,20%,9066元,1.5元,1.5元,0元,10,1.5元,8.5,,0.0938%
纤维板 (fb2108),1282.5,1359/1206,20%,20%,2565元,1/万分之,1/万分之,1/万分之,5,2.6元,2.4,,0.0936%
纤维板 (fb2107),1283,1359.5/1206.5,20%,20%,2566元,1/万分之,1/万分之,1/万分之,5,2.6元,2.4,,0.0935%
棉纱 (CY107),22595,23955/21235,20%,20%,22595元,4元,4元,0元,25,4元,21,,0.0929%
黄大豆2号 (b2106),4319,4664/3974,20%,20%,8638元,1元,1元,1元,10,2元,8,,0.0926%
郑麦 (WH109),2707,2843/2571,20%,20%,10828元,5元,5元,5元,20,10元,10,,0.0924%
原油 (sc2109),434.3,469/399.5,20%,20%,86860元,20元,20元,0元,100,20元,80,,0.0921%
豆油 (y2109),9580,10250/8910,20%,20%,19160元,2.5元,2.5元,0元,20,2.5元,17.5,,0.0913%
黄大豆2号 (b2109),4400,4752/4048,20%,20%,8800元,1元,1元,1元,10,2元,8,,0.0909%
棉纱 (CY106),23125,24515/21735,20%,20%,23125元,4元,4元,0元,25,4元,21,,0.0908%
纤维板 (fb2106),1323,1402/1244,20%,20%,2646元,1/万分之,1/万分之,1/万分之,5,2.6元,2.4,,0.0907%
原油 (sc2108),443.5,478.9/408,20%,20%,88700元,20元,20元,0元,100,20元,80,,0.0902%
原油 (sc2107),446.5,482.2/410.7,20%,20%,89300元,20元,20元,0元,100,20元,80,,0.0896%
不锈钢 (ss2110),20480,22525/18430,12%,12%,12288元,2元,2元,12元,25,14元,11,主力合约,0.0895%
黄大豆2号 (b2108),4479,4837/4121,20%,20%,8958元,1元,1元,1元,10,2元,8,,0.0893%
铁矿石 (i2106),1330,1476/1184,20%,20%,26600元,1/万分之,1/万分之,1/万分之,50,26.6元,23.4,,0.0880%
棉纱 (CY109),23875,25310/22440,20%,20%,23875元,4元,4元,0元,25,4元,21,,0.0880%
铁矿石 (i2107),1346,1480.5/1211.5,20%,20%,26920元,1/万分之,1/万分之,1/万分之,50,26.9元,23.1,,0.0858%
原油 (sc2110),468.2,505.6/430.7,20%,20%,93640元,20元,20元,0元,100,20元,80,,0.0854%
黄大豆1号 (a2207),5899,6370/5428,12%,12%,7078.8元,2元,2元,2元,10,4元,6,,0.0848%
黄大豆1号 (a2111),5900,6372/5428,12%,12%,7080元,2元,2元,2元,10,4元,6,主力合约,0.0847%
黄大豆1号 (a2201),5917,6390/5444,12%,12%,7100.4元,2元,2元,2元,10,4元,6,,0.0845%
黄大豆1号 (a2203),5917,6390/5444,12%,12%,7100.4元,2元,2元,2元,10,4元,6,,0.0845%
黄大豆1号 (a2205),5929,6403/5455,12%,12%,7114.8元,2元,2元,2元,10,4元,6,,0.0843%
郑醇 (MA207),2982,3191/2773,8%,8%,2385.6元,2元,2元,6元,10,8元,2,,0.0838%
郑醇 (MA208),2985,3194/2776,8%,8%,2388元,2元,2元,6元,10,8元,2,,0.0838%
郑醇 (MA209),2989,3199/2779,8%,8%,2391.2元,2元,2元,6元,10,8元,2,,0.0836%
郑醇 (MA206),3000,3210/2790,8%,8%,2400元,2元,2元,6元,10,8元,2,,0.0833%
沪铝 (al2109),22845,24670/21015,20%,20%,22845元,3元,3元,3元,25,6元,19,,0.0832%
郑醇 (MA205),3011,3222/2800,8%,8%,2408.8元,2元,2元,6元,10,8元,2,,0.0830%
白银 (ag2110),5026,5528/4523,12%,12%,9046.8元,0.5/万分之,0.5/万分之,0.5/万分之,15,7.5元,7.5,,0.0829%
白银 (ag2111),5033,5536/4529,12%,12%,9059.4元,0.5/万分之,0.5/万分之,0.5/万分之,15,7.5元,7.5,,0.0828%
焦炭 (j2107),2816,3041/2591,20%,20%,56320元,0.06/万分之,0.06/万分之,0.06/万分之,50,3.4元,46.6,,0.0827%
郑醇 (MA204),3065,3280/2850,8%,8%,2452元,2元,2元,6元,10,8元,2,,0.0816%
白银 (ag2112),5049,5553/4544,12%,12%,9088.2元,0.5/万分之,0.5/万分之,0.5/万分之,15,7.6元,7.4,主力合约,0.0814%
郑醇 (MA203),3101,3319/2883,8%,8%,2480.8元,2元,2元,6元,10,8元,2,,0.0806%
白银 (ag2206),5120,5632/4608,12%,12%,9216元,0.5/万分之,0.5/万分之,0.5/万分之,15,7.7元,7.3,,0.0792%
郑醇 (MA201),3165,3387/2943,8%,8%,2532元,2元,2元,6元,10,8元,2,主力合约,0.0790%
棉纱 (CY108),26685,28290/25080,20%,20%,26685元,4元,4元,0元,25,4元,21,,0.0787%
锰硅 (SM109),8948,9486/8410,20%,20%,8948元,3元,3元,0元,10,3元,7,,0.0782%
白糖 (SR107),5453,5781/5125,20%,20%,10906元,1.5元,1.5元,0元,10,1.5元,8.5,,0.0779%
国际铜 (bc2107),60610,65450/55760,20%,20%,60610元,0.1/万分之,0.1/万分之,0/万分之,50,3元,47,,0.0775%
玻璃 (FG106),2635,2846/2424,20%,20%,10540元,6元,6元,6元,20,12元,8,,0.0759%
国际铜 (bc2108),61900,66850/56940,20%,20%,61900元,0.1/万分之,0.1/万分之,0/万分之,50,3.1元,46.9,,0.0758%
国际铜 (bc2109),62000,66960/57040,20%,20%,62000元,0.1/万分之,0.1/万分之,0/万分之,50,3.1元,46.9,,0.0756%
聚丙烯 (pp2206),8871,9580/8162,9%,9%,3991.95元,1元,1元,1元,5,2元,3,,0.0752%
聚丙烯 (pp2207),8902,9614/8190,9%,9%,4005.9元,1元,1元,1元,5,2元,3,,0.0749%
聚丙烯 (pp2209),8947,9662/8232,9%,9%,4026.15元,1元,1元,1元,5,2元,3,,0.0745%
乙二醇 (eg2106),4700,5076/4324,20%,20%,9400元,3元,3元,0元,10,3元,7,,0.0745%
玻璃 (FG107),2700,2916/2484,20%,20%,10800元,6元,6元,6元,20,12元,8,,0.0741%
聚丙烯 (pp2208),9015,9736/8294,9%,9%,4056.75元,1元,1元,1元,5,2元,3,,0.0740%
聚丙烯 (pp2205),9022,9743/8301,9%,9%,4059.9元,1元,1元,1元,5,2元,3,,0.0739%
国际铜 (bc2106),63400,69100/57690,20%,20%,63400元,0.1/万分之,0/万分之,0/万分之,50,3.2元,46.8,,0.0738%
聚丙烯 (pp2204),9081,9807/8355,9%,9%,4086.45元,1元,1元,1元,5,2元,3,,0.0734%
聚丙烯 (pp2203),9110,9838/8382,9%,9%,4099.5元,1元,1元,1元,5,2元,3,,0.0732%
聚丙烯 (pp2110),9111,9839/8383,9%,9%,4099.95元,1元,1元,1元,5,2元,3,,0.0732%
红枣 (CJ109),9585,10260/8910,20%,20%,9585元,9元,9元,9元,25,18元,7,,0.0730%
乙二醇 (eg2108),4800,5184/4416,20%,20%,9600元,3元,3元,0元,10,3元,7,,0.0729%
聚丙烯 (pp2202),9145,9876/8414,9%,9%,4115.25元,1元,1元,1元,5,2元,3,,0.0729%
焦炭 (j2108),3170,3423.5/2916.5,20%,20%,63400元,0.06/万分之,0.06/万分之,0.06/万分之,50,3.8元,46.2,,0.0729%
聚丙烯 (pp2201),9189,9924/8454,9%,9%,4135.05元,1元,1元,1元,5,2元,3,主力合约,0.0726%
聚丙烯 (pp2112),9218,9955/8481,9%,9%,4148.1元,1元,1元,1元,5,2元,3,,0.0723%
聚丙烯 (pp2111),9232,9970/8494,9%,9%,4154.4元,1元,1元,1元,5,2元,3,,0.0722%
线材 (wr2106),5541,5984/5097,20%,20%,11082元,0.4/万分之,0/万分之,0/万分之,10,2.2元,7.8,,0.0704%
液化石油气 (pg2208),5181,5595/4767,11%,11%,11398.2元,6元,6元,6元,20,12元,8,,0.0702%
液化石油气 (pg2206),5191,5606/4776,11%,11%,11420.2元,6元,6元,6元,20,12元,8,,0.0701%
乙二醇 (eg2107),4998,5397/4599,20%,20%,9996元,3元,3元,0元,10,3元,7,,0.0700%
线材 (wr2107),5588,6035/5140,20%,20%,11176元,0.4/万分之,0.4/万分之,0/万分之,10,2.2元,7.8,,0.0698%
玻璃 (FG108),2928,3163/2693,20%,20%,11712元,6元,6元,6元,20,12元,8,,0.0683%
液化石油气 (pg2203),5360,5788/4932,11%,11%,11792元,6元,6元,6元,20,12元,8,,0.0678%
线材 (wr2108),5768,6229/5306,20%,20%,11536元,0.4/万分之,0.4/万分之,0/万分之,10,2.3元,7.7,,0.0667%
液化石油气 (pg2207),5466,5903/5029,11%,11%,12025.2元,6元,6元,6元,20,12元,8,,0.0665%
液化石油气 (pg2205),5499,5938/5060,11%,11%,12097.8元,6元,6元,6元,20,12元,8,,0.0661%
线材 (wr2109),5852,6320/5383,20%,20%,11704元,0.4/万分之,0.4/万分之,0/万分之,10,2.3元,7.7,,0.0658%
液化石油气 (pg2204),5568,6013/5123,11%,11%,12249.6元,6元,6元,6元,20,12元,8,,0.0653%
液化石油气 (pg2110),5713,6170/5256,11%,11%,12568.6元,6元,6元,6元,20,12元,8,,0.0637%
液化石油气 (pg2202),5727,6185/5269,11%,11%,12599.4元,6元,6元,6元,20,12元,8,,0.0635%
液化石油气 (pg2201),5746,6205/5287,11%,11%,12641.2元,6元,6元,6元,20,12元,8,,0.0633%
液化石油气 (pg2111),5756,6216/5296,11%,11%,12663.2元,6元,6元,6元,20,12元,8,主力合约,0.0632%
液化石油气 (pg2112),5761,6221/5301,11%,11%,12674.2元,6元,6元,6元,20,12元,8,,0.0631%
白糖 (SR109),5573,5908/5238,20%,20%,11146元,3元,3元,0元,10,3元,7,,0.0628%
乙二醇 (eg2109),5590,6037/5143,20%,20%,11180元,3元,3元,0元,10,3元,7,,0.0626%
黄金 (au2111),372.6,394.94/350.24,8%,8%,29808元,2元,2元,0元,20,2元,18,,0.0604%
黄金 (au2202),373.98,396.4/351.54,8%,8%,29918.4元,2元,2元,0元,20,2元,18,,0.0602%
黄金 (au2204),374.92,397.4/352.42,8%,8%,29993.6元,2元,2元,0元,20,2元,18,,0.0600%
短纤 (PF109),6688,7090/6286,20%,20%,6688元,3元,3元,3元,10,6元,4,,0.0598%
黄金 (au2208),377.12,399.74/354.48,8%,8%,30169.6元,2元,2元,0元,20,2元,18,,0.0597%
花生仁 (PK111),8420,9010/7830,8%,8%,3368元,4元,4元,4元,10,8元,2,,0.0594%
花生仁 (PK201),8432,9024/7840,8%,8%,3372.8元,4元,4元,4元,10,8元,2,主力合约,0.0593%
花生仁 (PK112),8442,9034/7850,8%,8%,3376.8元,4元,4元,4元,10,8元,2,,0.0592%
短纤 (PF106),6776,7184/6368,20%,20%,6776元,3元,3元,3元,10,6元,4,,0.0590%
花生仁 (PK203),8498,9094/7902,8%,8%,3399.2元,4元,4元,4元,10,8元,2,,0.0588%
花生仁 (PK204),8552,9152/7952,8%,8%,3420.8元,4元,4元,4元,10,8元,2,,0.0585%
不锈钢 (ss2109),18905,20225/17580,20%,20%,18905元,2元,2元,12元,25,14元,11,,0.0582%
短纤 (PF107),7174,7606/6742,20%,20%,7174元,3元,3元,3元,10,6元,4,,0.0558%
短纤 (PF108),7232,7666/6798,20%,20%,7232元,3元,3元,3元,10,6元,4,,0.0553%
油菜籽 (RS107),5719,6291/5147,20%,20%,11438元,2元,2元,2元,10,4元,6,主力合约,0.0525%
黄大豆1号 (a2109),5881,6351/5411,20%,20%,11762元,2元,2元,2元,10,4元,6,,0.0510%
油菜籽 (RS208),5892,6482/5302,20%,20%,11784元,2元,2元,2元,10,4元,6,,0.0509%
黄大豆1号 (a2107),5907,6379/5435,20%,20%,11814元,2元,2元,2元,10,4元,6,,0.0508%
油菜籽 (RS109),5907,6498/5316,20%,20%,11814元,2元,2元,2元,10,4元,6,,0.0508%
油菜籽 (RS108),5949,6544/5354,20%,20%,11898元,2元,2元,2元,10,4元,6,,0.0504%
白银 (ag2108),4989,5487/4490,20%,20%,14967元,0.5/万分之,0.5/万分之,0.5/万分之,15,7.5元,7.5,,0.0501%
白银 (ag2109),4994,5493/4494,20%,20%,14982元,0.5/万分之,0.5/万分之,0.5/万分之,15,7.5元,7.5,,0.0501%
油菜籽 (RS111),6006,6607/5405,20%,20%,12012元,2元,2元,2元,10,4元,6,,0.0500%
花生仁 (PK110),8372,8960/7784,10%,10%,4186元,4元,4元,4元,10,8元,2,,0.0478%
菜籽油 (OI107),10203,10816/9590,20%,20%,20406元,1元,1元,0元,10,1元,9,,0.0441%
液化石油气 (pg2106),4585,4951/4219,20%,20%,18340元,6元,6元,6元,20,12元,8,,0.0436%
白银 (ag2107),5402,5942/4861,20%,20%,16206元,0.5/万分之,0.5/万分之,0.5/万分之,15,8.1元,6.9,,0.0426%
白银 (ag2106),5592,6263/4920,20%,20%,16776元,0.5/万分之,0.5/万分之,0.5/万分之,15,8.4元,6.6,,0.0393%
液化石油气 (pg2107),5126,5536/4716,20%,20%,20504元,6元,6元,6元,20,12元,8,,0.0390%
液化石油气 (pg2108),5200,5616/4784,20%,20%,20800元,6元,6元,6元,20,12元,8,,0.0385%
液化石油气 (pg2109),5368,5797/4939,20%,20%,21472元,6元,6元,6元,20,12元,8,,0.0373%
菜籽油 (OI109),10786,11434/10138,20%,20%,21572元,2元,2元,0元,10,2元,8,,0.0371%
聚丙烯 (pp2106),8200,8774/7626,20%,20%,8200元,1元,1元,1元,5,2元,3,,0.0366%
聚丙烯 (pp2108),8400,8988/7812,20%,20%,8400元,1元,1元,1元,5,2元,3,,0.0357%
聚丙烯 (pp2109),8621,9224/8018,20%,20%,8621元,1元,1元,1元,5,2元,3,,0.0348%
聚丙烯 (pp2107),8714,9323/8105,20%,20%,8714元,1元,1元,1元,5,2元,3,,0.0344%
黄金 (au2112),372.94,395.3/350.56,8%,8%,29835.2元,10元,10元,0元,20,10元,10,主力合约,0.0335%
黄金 (au2206),374.8,397.2799/352.3,8%,8%,29984元,10元,10元,0元,20,10元,10,,0.0334%
沪镍 (ni2208),142470,153860/131070,10%,10%,14247元,3元,3元,3元,10,6元,4,,0.0281%
沪镍 (ni2205),142770,154190/131340,10%,10%,14277元,3元,3元,3元,10,6元,4,,0.0280%
沪镍 (ni2204),143310,154770/131840,10%,10%,14331元,3元,3元,3元,10,6元,4,,0.0279%
沪镍 (ni2206),143630,155120/132130,10%,10%,14363元,3元,3元,3元,10,6元,4,,0.0278%
沪镍 (ni2207),143810,155310/132300,10%,10%,14381元,3元,3元,3元,10,6元,4,,0.0278%
沪镍 (ni2203),144300,155840/132750,10%,10%,14430元,3元,3元,3元,10,6元,4,,0.0277%
沪镍 (ni2202),144960,156550/133360,10%,10%,14496元,3元,3元,3元,10,6元,4,,0.0276%
沪镍 (ni2201),144990,156580/133390,10%,10%,14499元,3元,3元,3元,10,6元,4,,0.0276%
沪镍 (ni2112),145630,157280/133970,10%,10%,14563元,3元,3元,3元,10,6元,4,,0.0275%
沪镍 (ni2111),146070,157750/134380,10%,10%,14607元,3元,3元,3元,10,6元,4,,0.0274%
沪镍 (ni2110),147270,159050/135480,10%,10%,14727元,3元,3元,3元,10,6元,4,主力合约,0.0272%
黄金 (au2110),372.54,394.88/350.18,10%,10%,37254元,10元,10元,0元,20,10元,10,,0.0268%
黄金 (au2107),367.5,389.54/345.44,20%,20%,73500元,2元,2元,0元,20,2元,18,,0.0245%
黄金 (au2109),368.24,390.32/346.14,20%,20%,73648元,2元,2元,0元,20,2元,18,,0.0244%
胶板 (bb2106),205.45,217.75/193.15,40%,40%,41090元,1/万分之,0.5/万分之,0.5/万分之,25,15.4元,9.6,,0.0234%
焦煤 (jm2208),2166,2360.5/1971.5,15%,15%,19494元,1/万分之,1/万分之,1/万分之,30,26元,4,,0.0205%
焦煤 (jm2207),2191.5,2388.5/1994.5,15%,15%,19723.5元,1/万分之,1/万分之,1/万分之,30,26.3元,3.7,,0.0188%
胶板 (bb2109),222,235.3/208.7,40%,40%,44400元,1/万分之,1/万分之,0.5/万分之,25,16.7元,8.3,,0.0187%
纯碱 (SA109),2748,2941/2555,20%,20%,10992元,6元,6元,12元,20,18元,2,,0.0182%
锡 (sn2207),237040,256000/218070,10%,10%,23704元,3元,3元,3元,10,6元,4,,0.0169%
锡 (sn2208),239460,258610/220300,10%,10%,23946元,3元,3元,3元,10,6元,4,,0.0167%
胶板 (bb2107),230.55,244.35/216.75,40%,40%,46110元,1/万分之,1/万分之,0.5/万分之,25,17.3元,7.7,,0.0167%
锡 (sn2204),241950,261300/222590,10%,10%,24195元,3元,3元,3元,10,6元,4,,0.0165%
锡 (sn2206),243550,263030/224060,10%,10%,24355元,3元,3元,3元,10,6元,4,,0.0164%
锡 (sn2205),246400,266110/226680,10%,10%,24640元,3元,3元,3元,10,6元,4,,0.0162%
锡 (sn2203),247100,266860/227330,10%,10%,24710元,3元,3元,3元,10,6元,4,,0.0162%
胶板 (bb2110),232.8,244.4/221.2,40%,40%,46560元,1/万分之,1/万分之,0.5/万分之,25,17.5元,7.5,主力合约,0.0161%
锡 (sn2202),249970,269960/229970,10%,10%,24997元,3元,3元,3元,10,6元,4,,0.0160%
锡 (sn2201),251390,271500/231270,10%,10%,25139元,3元,3元,3元,10,6元,4,,0.0159%
锡 (sn2112),253560,273840/233270,10%,10%,25356元,3元,3元,3元,10,6元,4,,0.0158%
锡 (sn2111),256380,276890/235860,10%,10%,25638元,3元,3元,3元,10,6元,4,,0.0156%
锡 (sn2110),258760,279460/238050,10%,10%,25876元,3元,3元,3元,10,6元,4,主力合约,0.0155%
沪镍 (ni2106),131870,143730/120000,20%,20%,26374元,3元,3元,3元,10,6元,4,,0.0152%
黄金 (au2108),366.74,388.74/344.72,20%,20%,73348元,10元,10元,0元,20,10元,10,,0.0136%
沪镍 (ni2109),147990,159820/136150,20%,20%,29598元,3元,3元,3元,10,6元,4,,0.0135%
焦煤 (jm2206),2278.5,2483.5/2073.5,15%,15%,20506.5元,1/万分之,1/万分之,1/万分之,30,27.3元,2.7,,0.0132%
黄金 (au2106),385.62,416.46/354.76,20%,20%,77124元,10元,10元,0元,20,10元,10,,0.0130%
锡 (sn2106),208370,227120/189610,20%,20%,41674元,3元,3元,3元,10,6元,4,,0.0096%
锡 (sn2109),256070,276550/235580,20%,20%,51214元,3元,3元,3元,10,6元,4,,0.0078%
沪镍 (ni2107),139700,150870/128520,20%,20%,27940元,3元,3元,6元,10,9元,1,,0.0036%
沪镍 (ni2108),148390,160260/136510,20%,20%,29678元,3元,3元,6元,10,9元,1,,0.0034%
焦煤 (jm2204),2446,2666/2226,15%,15%,22014元,1/万分之,1/万分之,1/万分之,30,29.4元,0.6,,0.0027%
锡 (sn2107),221280,238980/203570,20%,20%,44256元,3元,3元,6元,10,9元,1,,0.0023%
锡 (sn2108),240340,259560/221110,20%,20%,48068元,3元,3元,6元,10,9元,1,,0.0021%
螺纹钢 (rb2106),4898,5387/4408,20%,20%,9796元,1/万分之,1/万分之,1/万分之,10,9.8元,0.2,,0.0020%
螺纹钢 (rb2107),4950,5346/4554,20%,20%,9900元,1/万分之,1/万分之,1/万分之,10,9.9元,0.1,,0.0010%
尿素 (UR107),2650,2809/2491,20%,20%,10600元,10元,10元,10元,20,20元,0,,0.0000%
郑醇 (MA109),2932,3138/2726,20%,20%,5864元,2元,2元,8元,10,10元,0,,0.0000%
铜 (cu2107),68590,74070/63100,20%,20%,68590元,0.5/万分之,0.5/万分之,1/万分之,50,51.4元,-1.4,,-0.0020%
焦煤 (jm2203),2568,2799/2337,15%,15%,23112元,1/万分之,1/万分之,1/万分之,30,30.8元,-0.8,,-0.0035%
铜 (cu2108),70040,75640/64430,20%,20%,70040元,0.5/万分之,0.5/万分之,1/万分之,50,52.5元,-2.5,,-0.0036%
铜 (cu2109),70480,76110/64840,20%,20%,70480元,0.5/万分之,0.5/万分之,1/万分之,50,52.9元,-2.9,,-0.0041%
铜 (cu2106),71130,77530/64720,20%,20%,71130元,0.5/万分之,1/万分之,1/万分之,50,53.3元,-3.3,,-0.0046%
螺纹钢 (rb2208),5139,5652/4625,12%,12%,6166.8元,1/万分之,1/万分之,1/万分之,10,10.3元,-0.3,,-0.0049%
螺纹钢 (rb2209),5134,5647/4620,12%,12%,6160.8元,1/万分之,1/万分之,1/万分之,10,10.3元,-0.3,,-0.0049%
铜 (cu2203),69590,75150/64020,10%,10%,34795元,0.5/万分之,0.5/万分之,1/万分之,50,52.2元,-2.2,,-0.0063%
螺纹钢 (rb2206),5199,5718/4679,12%,12%,6238.8元,1/万分之,1/万分之,1/万分之,10,10.4元,-0.4,,-0.0064%
螺纹钢 (rb2207),5178,5695/4660,12%,12%,6213.6元,1/万分之,1/万分之,1/万分之,10,10.4元,-0.4,,-0.0064%
螺纹钢 (rb2108),5343,5770/4915,20%,20%,10686元,1/万分之,1/万分之,1/万分之,10,10.7元,-0.7,,-0.0066%
铜 (cu2201),69900,75490/64300,10%,10%,34950元,0.5/万分之,0.5/万分之,1/万分之,50,52.4元,-2.4,,-0.0069%
铜 (cu2202),69830,75410/64240,10%,10%,34915元,0.5/万分之,0.5/万分之,1/万分之,50,52.4元,-2.4,,-0.0069%
铜 (cu2112),69990,75580/64390,10%,10%,34995元,0.5/万分之,0.5/万分之,1/万分之,50,52.5元,-2.5,,-0.0071%
铜 (cu2208),70170,75780/64550,10%,10%,35085元,0.5/万分之,0.5/万分之,1/万分之,50,52.6元,-2.6,,-0.0074%
铜 (cu2205),70110,75710/64500,10%,10%,35055元,0.5/万分之,0.5/万分之,1/万分之,50,52.6元,-2.6,,-0.0074%
铜 (cu2111),70090,75690/64480,10%,10%,35045元,0.5/万分之,0.5/万分之,1/万分之,50,52.6元,-2.6,,-0.0074%
铜 (cu2204),70080,75680/64470,10%,10%,35040元,0.5/万分之,0.5/万分之,1/万分之,50,52.6元,-2.6,,-0.0074%
铜 (cu2206),70290,75910/64660,10%,10%,35145元,0.5/万分之,0.5/万分之,1/万分之,50,52.7元,-2.7,,-0.0077%
铜 (cu2110),70210,75820/64590,10%,10%,35105元,0.5/万分之,0.5/万分之,1/万分之,50,52.7元,-2.7,主力合约,-0.0077%
螺纹钢 (rb2205),5247,5771/4722,12%,12%,6296.4元,1/万分之,1/万分之,1/万分之,10,10.5元,-0.5,,-0.0079%
铜 (cu2207),70390,76020/64750,10%,10%,35195元,0.5/万分之,0.5/万分之,1/万分之,50,52.8元,-2.8,,-0.0080%
螺纹钢 (rb2204),5286,5814/4757,12%,12%,6343.2元,1/万分之,1/万分之,1/万分之,10,10.6元,-0.6,,-0.0095%
螺纹钢 (rb2203),5278,5805/4750,12%,12%,6333.6元,1/万分之,1/万分之,1/万分之,10,10.6元,-0.6,,-0.0095%
苯乙烯 (eb2107),10222,11244/9200,20%,20%,10222元,3元,3元,3元,5,6元,-1,,-0.0098%
螺纹钢 (rb2109),5572,6017/5126,20%,20%,11144元,1/万分之,1/万分之,1/万分之,10,11.1元,-1.1,,-0.0099%
焦煤 (jm2202),2698.5,2941/2456,15%,15%,24286.5元,1/万分之,1/万分之,1/万分之,30,32.4元,-2.4,,-0.0099%
热卷 (hc2106),5579,6136/5021,20%,20%,11158元,1/万分之,1/万分之,1/万分之,10,11.2元,-1.2,,-0.0108%
热卷 (hc2208),5365,5901/4828,12%,12%,6438元,1/万分之,1/万分之,1/万分之,10,10.7元,-0.7,,-0.0109%
螺纹钢 (rb2202),5361,5897/4824,12%,12%,6433.2元,1/万分之,1/万分之,1/万分之,10,10.7元,-0.7,,-0.0109%
苯乙烯 (eb2109),8888,9776/8000,20%,20%,8888元,3元,3元,3元,5,6元,-1,,-0.0113%
苯乙烯 (eb2106),8850,9735/7965,20%,20%,8850元,3元,3元,3元,5,6元,-1,,-0.0113%
苯乙烯 (eb2108),8788,9666/7910,20%,20%,8788元,3元,3元,3元,5,6元,-1,,-0.0114%
热卷 (hc2207),5422,5964/4879,12%,12%,6506.4元,1/万分之,1/万分之,1/万分之,10,10.8元,-0.8,,-0.0123%
热卷 (hc2108),5763,6224/5301,20%,20%,11526元,1/万分之,1/万分之,1/万分之,10,11.5元,-1.5,,-0.0130%
热卷 (hc2206),5435,5978/4891,12%,12%,6522元,1/万分之,1/万分之,1/万分之,10,10.9元,-0.9,,-0.0138%
热卷 (hc2109),5850,6318/5382,20%,20%,11700元,1/万分之,1/万分之,1/万分之,10,11.7元,-1.7,,-0.0145%
焦炭 (j2207),2818.5,3072/2565,15%,15%,42277.5元,1/万分之,1/万分之,1/万分之,50,56.4元,-6.4,,-0.0151%
热卷 (hc2205),5488,6036/4939,12%,12%,6585.6元,1/万分之,1/万分之,1/万分之,10,11元,-1,,-0.0152%
热卷 (hc2107),5906,6378/5433,20%,20%,11812元,1/万分之,1/万分之,1/万分之,10,11.8元,-1.8,,-0.0152%
热卷 (hc2204),5564,6120/5007,12%,12%,6676.8元,1/万分之,1/万分之,1/万分之,10,11.1元,-1.1,,-0.0165%
焦炭 (j2206),2861,3118/2604,15%,15%,42915元,1/万分之,1/万分之,1/万分之,50,57.2元,-7.2,,-0.0168%
苯乙烯 (eb2110),9676,10643/8709,12%,12%,5805.6元,3元,3元,3元,5,6元,-1,主力合约,-0.0172%
苯乙烯 (eb2111),9608,10568/8648,12%,12%,5764.8元,3元,3元,3元,5,6元,-1,,-0.0173%
硅铁 (SF109),11526,12218/10834,20%,20%,11526元,3元,3元,9元,10,12元,-2,,-0.0174%
焦炭 (j2208),2881.5,3140.5/2622.5,15%,15%,43222.5元,1/万分之,1/万分之,1/万分之,50,57.6元,-7.6,,-0.0176%
苯乙烯 (eb2112),9460,10406/8514,12%,12%,5676元,3元,3元,3元,5,6元,-1,,-0.0176%
热卷 (hc2203),5607,6167/5046,12%,12%,6728.4元,1/万分之,1/万分之,1/万分之,10,11.2元,-1.2,,-0.0178%
螺纹钢 (rb2201),5604,6164/5043,12%,12%,6724.8元,1/万分之,1/万分之,1/万分之,10,11.2元,-1.2,主力合约,-0.0178%
苯乙烯 (eb2201),9328,10260/8396,12%,12%,5596.8元,3元,3元,3元,5,6元,-1,,-0.0179%
苯乙烯 (eb2202),9153,10068/8238,12%,12%,5491.8元,3元,3元,3元,5,6元,-1,,-0.0182%
鸡蛋 (jd2106),3788,4091/3485,20%,20%,7576元,1.5/万分之,1.5/万分之,1.5/万分之,10,11.4元,-1.4,,-0.0185%
苯乙烯 (eb2203),8993,9892/8094,12%,12%,5395.8元,3元,3元,3元,5,6元,-1,,-0.0185%
苯乙烯 (eb2205),8967,9863/8071,12%,12%,5380.2元,3元,3元,3元,5,6元,-1,,-0.0186%
苯乙烯 (eb2204),8935,9828/8042,12%,12%,5361元,3元,3元,3元,5,6元,-1,,-0.0187%
苯乙烯 (eb2207),8880,9768/7992,12%,12%,5328元,3元,3元,3元,5,6元,-1,,-0.0188%
苯乙烯 (eb2206),8737,9610/7864,12%,12%,5242.2元,3元,3元,3元,5,6元,-1,,-0.0191%
苯乙烯 (eb2208),8667,9533/7801,12%,12%,5200.2元,3元,3元,3元,5,6元,-1,,-0.0192%
螺纹钢 (rb2112),5698,6267/5128,12%,12%,6837.6元,1/万分之,1/万分之,1/万分之,10,11.4元,-1.4,,-0.0205%
螺纹钢 (rb2111),5683,6251/5114,12%,12%,6819.6元,1/万分之,1/万分之,1/万分之,10,11.4元,-1.4,,-0.0205%
热卷 (hc2202),5680,6248/5112,12%,12%,6816元,1/万分之,1/万分之,1/万分之,10,11.4元,-1.4,,-0.0205%
热卷 (hc2201),5778,6355/5200,12%,12%,6933.6元,1/万分之,1/万分之,1/万分之,10,11.6元,-1.6,主力合约,-0.0231%
焦炭 (j2204),3032.5,3305/2760,15%,15%,45487.5元,1/万分之,1/万分之,1/万分之,50,60.7元,-10.7,,-0.0235%
热卷 (hc2111),5846,6430/5261,12%,12%,7015.2元,1/万分之,1/万分之,1/万分之,10,11.7元,-1.7,,-0.0242%
热卷 (hc2112),5833,6416/5249,12%,12%,6999.6元,1/万分之,1/万分之,1/万分之,10,11.7元,-1.7,,-0.0243%
焦炭 (j2203),3095.5,3374/2817,15%,15%,46432.5元,1/万分之,1/万分之,1/万分之,50,61.9元,-11.9,,-0.0256%
焦炭 (j2202),3207.5,3496/2919,15%,15%,48112.5元,1/万分之,1/万分之,1/万分之,50,64.2元,-14.2,,-0.0295%
焦煤 (jm2209),2145.5,2338.5/1952.5,15%,15%,19309.5元,1.4/万分之,1/万分之,1.4/万分之,30,36元,-6,,-0.0311%
鸡蛋 (jd2108),4400,4752/4048,20%,20%,8800元,1.5/万分之,1.5/万分之,1.5/万分之,10,13.2元,-3.2,,-0.0364%
鸡蛋 (jd2203),3780,4082/3478,9%,9%,3402元,1.5/万分之,1.5/万分之,1.5/万分之,10,11.3元,-1.3,,-0.0382%
鸡蛋 (jd2202),3778,4080/3476,9%,9%,3400.2元,1.5/万分之,1.5/万分之,1.5/万分之,10,11.3元,-1.3,,-0.0382%
鸡蛋 (jd2107),4601,4969/4233,20%,20%,9202元,1.5/万分之,1.5/万分之,1.5/万分之,10,13.8元,-3.8,,-0.0413%
鸡蛋 (jd2109),4632,5002/4262,20%,20%,9264元,1.5/万分之,1.5/万分之,1.5/万分之,10,13.9元,-3.9,,-0.0421%
焦煤 (jm2205),2324.5,2533.5/2115.5,15%,15%,20920.5元,1.4/万分之,1/万分之,1.4/万分之,30,39.1元,-9.1,,-0.0435%
鸡蛋 (jd2204),3934,4248/3620,9%,9%,3540.6元,1.5/万分之,1.5/万分之,1.5/万分之,10,11.8元,-1.8,,-0.0508%
鸡蛋 (jd2206),3964,4281/3647,9%,9%,3567.6元,1.5/万分之,1.5/万分之,1.5/万分之,10,11.9元,-1.9,,-0.0533%
鸡蛋 (jd2205),4161,4493/3829,9%,9%,3744.9元,1.5/万分之,1.5/万分之,1.5/万分之,10,12.5元,-2.5,,-0.0668%
焦炭 (j2209),2806.5,3059/2554,15%,15%,42097.5元,1.4/万分之,1/万分之,1.4/万分之,50,78.6元,-28.6,,-0.0679%
鸡蛋 (jd2207),4192,4527/3857,9%,9%,3772.8元,1.5/万分之,1.5/万分之,1.5/万分之,10,12.6元,-2.6,,-0.0689%
鸡蛋 (jd2110),4249,4588/3910,9%,9%,3824.1元,1.5/万分之,1.5/万分之,1.5/万分之,10,12.7元,-2.7,,-0.0706%
焦炭 (j2205),2945.5,3210.5/2680.5,15%,15%,44182.5元,1.4/万分之,1/万分之,1.4/万分之,50,82.5元,-32.5,,-0.0736%
鸡蛋 (jd2201),4365,4714/4016,9%,9%,3928.5元,1.5/万分之,1.5/万分之,1.5/万分之,10,13.1元,-3.1,主力合约,-0.0789%
鸡蛋 (jd2111),4359,4707/4011,9%,9%,3923.1元,1.5/万分之,1.5/万分之,1.5/万分之,10,13.1元,-3.1,,-0.0790%
玻璃 (FG109),3082,3329/2835,20%,20%,12328元,15元,15元,15元,20,30元,-10,,-0.0811%
鸡蛋 (jd2112),4565,4930/4200,9%,9%,4108.5元,1.5/万分之,1.5/万分之,1.5/万分之,10,13.7元,-3.7,,-0.0901%
鸡蛋 (jd2208),4807,5191/4423,9%,9%,4326.3元,1.5/万分之,1.5/万分之,1.5/万分之,10,14.4元,-4.4,,-0.1017%
动力煤ZC (ZC110),1270.2,1372/1168.4,30%,30%,38106元,30元,30元,30元,20,60元,-40,,-0.1050%
铁矿石 (i2109),851.5,936.5/766.5,20%,20%,17030元,4/万分之,1/万分之,4/万分之,50,68.1元,-18.1,,-0.1063%
动力煤ZC (ZC111),1188.8,1284/1093.6,30%,30%,35664元,30元,30元,30元,20,60元,-40,,-0.1122%
动力煤ZC (ZC112),1136.4,1227.4/1045.4,30%,30%,34092元,30元,30元,30元,20,60元,-40,,-0.1173%
动力煤ZC (ZC201),1063.6,1148.8/978.4,30%,30%,31908元,30元,30元,30元,20,60元,-40,主力合约,-0.1254%
螺纹钢 (rb2110),5607,6167/5046,12%,12%,6728.4元,1/万分之,1/万分之,3/万分之,10,22.4元,-12.4,,-0.1843%
动力煤ZC (ZC108),1054.6,1160.2/949,20%,20%,21092元,30元,30元,30元,20,60元,-40,,-0.1896%
热卷 (hc2110),5848,6432/5263,12%,12%,7017.6元,1/万分之,1/万分之,3/万分之,10,23.4元,-13.4,,-0.1909%
动力煤ZC (ZC107),1038.8,1142.8/934.8,20%,20%,20776元,30元,30元,30元,20,60元,-40,,-0.1925%
动力煤ZC (ZC202),986.4,1065.4/907.4,20%,20%,19728元,30元,30元,30元,20,60元,-40,,-0.2028%
生猪 (lh2109),13265,14325/12205,20%,20%,42448元,4/万分之,2/万分之,4/万分之,80,169.8元,-89.8,,-0.2116%
动力煤ZC (ZC203),931.2,1005.8/856.6,20%,20%,18624元,30元,30元,30元,20,60元,-40,,-0.2148%
焦煤 (jm2109),2956.5,3193/2720,20%,20%,35478元,3/万分之,1/万分之,3/万分之,30,106.4元,-76.4,,-0.2153%
中证500指数 (IC2106),6611.4,7933.6/5289.2,14%,14%,185119.2元,0.23/万分之,3.45/万分之,3.45/万分之,40,486.6元,-446.6,,-0.2412%
中证500指数 (IC2107),6920,8304/5536,14%,14%,193760元,0.23/万分之,0.23/万分之,3.45/万分之,40,509.3元,-469.3,,-0.2422%
中证500指数 (IC2108),6940.8,8328.8/5552.8,14%,14%,194342.4元,0.23/万分之,0.23/万分之,3.45/万分之,40,510.8元,-470.8,,-0.2423%
中证500指数 (IC2203),7028.6,7731.4/6325.8,14%,14%,196800.8元,0.23/万分之,0.23/万分之,3.45/万分之,40,517.3元,-477.3,,-0.2425%
中证500指数 (IC2112),7218,7939.8/6496.2,14%,14%,202104元,0.23/万分之,0.23/万分之,3.45/万分之,40,531.2元,-491.2,,-0.2430%
中证500指数 (IC2110),7377,8114.6/6639.4,14%,14%,206556元,0.23/万分之,0.23/万分之,3.45/万分之,40,542.9元,-502.9,,-0.2435%
中证500指数 (IC2109),7461.4,8953.6/5969.2,14%,14%,208919.2元,0.23/万分之,0.23/万分之,3.45/万分之,40,549.2元,-509.2,主力合约,-0.2437%
焦炭 (j2109),4502,4862/4142,20%,20%,90040元,3/万分之,1/万分之,3/万分之,50,270.1元,-220.1,,-0.2444%
动力煤ZC (ZC106),800,880/720,20%,20%,16000元,30元,30元,30元,20,60元,-40,,-0.2500%
上证50指数 (IH2203),3127.2,3439.8/2814.6,12%,12%,112579.2元,0.23/万分之,0.23/万分之,3.45/万分之,60,345.2元,-285.2,,-0.2533%
上证50指数 (IH2112),3136.2,3449.8/2822.6,12%,12%,112903.2元,0.23/万分之,0.23/万分之,3.45/万分之,60,346.2元,-286.2,,-0.2535%
上证50指数 (IH2109),3135.8,3762.8/2508.8,12%,12%,112888.8元,0.23/万分之,0.23/万分之,3.45/万分之,60,346.2元,-286.2,主力合约,-0.2535%
上证50指数 (IH2108),3139,3766.8/2511.2,12%,12%,113004元,0.23/万分之,0.23/万分之,3.45/万分之,60,346.5元,-286.5,,-0.2535%
上证50指数 (IH2110),3139,3452.8/2825.2,12%,12%,113004元,0.23/万分之,0.23/万分之,3.45/万分之,60,346.5元,-286.5,,-0.2535%
上证50指数 (IH2107),3410.2,4092.2/2728.2,12%,12%,122767.2元,0.23/万分之,0.23/万分之,3.45/万分之,60,376.5元,-316.5,,-0.2578%
上证50指数 (IH2106),3477,4172.4/2781.6,12%,12%,125172元,0.23/万分之,3.45/万分之,3.45/万分之,60,383.9元,-323.9,,-0.2588%
鲜苹果 (AP110),5545,5878/5212,10%,10%,5545元,5元,5元,20元,10,25元,-15,,-0.2705%
沪深300指数 (IF2203),4742,5216.2/4267.8,12%,12%,170712元,0.23/万分之,0.23/万分之,3.45/万分之,60,523.5元,-463.5,,-0.2715%
沪深300指数 (IF2112),4769.4,5246.2/4292.6,12%,12%,171698.4元,0.23/万分之,0.23/万分之,3.45/万分之,60,526.5元,-466.5,,-0.2717%
沪深300指数 (IF2110),4803.8,5284/4323.6,12%,12%,172936.8元,0.23/万分之,0.23/万分之,3.45/万分之,60,530.3元,-470.3,,-0.2719%
沪深300指数 (IF2109),4820,5784/3856,12%,12%,173520元,0.23/万分之,0.23/万分之,3.45/万分之,60,532.1元,-472.1,主力合约,-0.2721%
沪深300指数 (IF2108),4853.2,5823.8/3882.6,12%,12%,174715.2元,0.23/万分之,0.23/万分之,3.45/万分之,60,535.8元,-475.8,,-0.2723%
沪深300指数 (IF2106),5095.2,6114.2/4076.2,12%,12%,183427.2元,0.23/万分之,3.45/万分之,3.45/万分之,60,562.5元,-502.5,,-0.2740%
沪深300指数 (IF2107),5146,6175.2/4116.8,12%,12%,185256元,0.23/万分之,0.23/万分之,3.45/万分之,60,568.1元,-508.1,,-0.2743%
生猪 (lh2111),12970,14005/11935,15%,15%,31128元,4/万分之,2/万分之,4/万分之,80,166元,-86,,-0.2763%
生猪 (lh2203),13700,14795/12605,15%,15%,32880元,4/万分之,2/万分之,4/万分之,80,175.4元,-95.4,,-0.2901%
生猪 (lh2201),14295,15435/13155,15%,15%,34308元,4/万分之,2/万分之,4/万分之,80,183元,-103,主力合约,-0.3002%
生猪 (lh2205),14920,16110/13730,15%,15%,35808元,4/万分之,2/万分之,4/万分之,80,191元,-111,,-0.3100%
鲜苹果 (AP205),5956,6314/5598,8%,8%,4764.8元,5元,5元,20元,10,25元,-15,,-0.3148%
鲜苹果 (AP204),5887,6241/5533,8%,8%,4709.6元,5元,5元,20元,10,25元,-15,,-0.3185%
生猪 (lh2207),15850,17115/14585,15%,15%,38040元,4/万分之,2/万分之,4/万分之,80,202.9元,-122.9,,-0.3231%
鲜苹果 (AP203),5728,6072/5384,8%,8%,4582.4元,5元,5元,20元,10,25元,-15,,-0.3273%
鲜苹果 (AP201),5641,5980/5302,8%,8%,4512.8元,5元,5元,20元,10,25元,-15,主力合约,-0.3324%
鲜苹果 (AP112),5500,5830/5170,8%,8%,4400元,5元,5元,20元,10,25元,-15,,-0.3409%
鲜苹果 (AP111),5449,5776/5122,8%,8%,4359.2元,5元,5元,20元,10,25元,-15,,-0.3441%
动力煤ZC (ZC204),919.8,993.4/846.2,12%,12%,11037.6元,30元,30元,30元,20,60元,-40,,-0.3624%
动力煤ZC (ZC205),900,972/828,12%,12%,10800元,30元,30元,30元,20,60元,-40,,-0.3704%
动力煤ZC (ZC206),869.2,938.8/799.6,12%,12%,10430.4元,30元,30元,30元,20,60元,-40,,-0.3835%
动力煤ZC (ZC207),864.6,933.8/795.4,12%,12%,10375.2元,30元,30元,30元,20,60元,-40,,-0.3855%
动力煤ZC (ZC208),858.4,927.2/789.6,12%,12%,10300.8元,30元,30元,30元,20,60元,-40,,-0.3883%
动力煤ZC (ZC209),837.2,904.2/770.2,12%,12%,10046.4元,30元,30元,30元,20,60元,-40,,-0.3982%
焦煤 (jm2201),2786,3036.5/2535.5,20%,20%,33432元,6/万分之,6/万分之,6/万分之,30,200.6元,-170.6,主力合约,-0.5103%
焦煤 (jm2112),3011,3281.5/2740.5,20%,20%,36132元,6/万分之,6/万分之,6/万分之,30,216.8元,-186.8,,-0.5170%
焦煤 (jm2111),3243,3534.5/2951.5,20%,20%,38916元,6/万分之,6/万分之,6/万分之,30,233.5元,-203.5,,-0.5229%
焦炭 (j2201),3334,3634/3034,20%,20%,66680元,6/万分之,6/万分之,6/万分之,50,400.1元,-350.1,主力合约,-0.5250%
焦炭 (j2112),3417,3724.5/3109.5,20%,20%,68340元,6/万分之,6/万分之,6/万分之,50,410元,-360,,-0.5268%
焦煤 (jm2110),3536,3854/3218,20%,20%,42432元,6/万分之,6/万分之,6/万分之,30,254.6元,-224.6,,-0.5293%
焦炭 (j2111),3741.5,4078/3405,20%,20%,74830元,6/万分之,6/万分之,6/万分之,50,449元,-399,,-0.5332%
焦炭 (j2110),4106,4475.5/3736.5,20%,20%,82120元,6/万分之,6/万分之,6/万分之,50,492.7元,-442.7,,-0.5391%
动力煤ZC (ZC109),1149.8,1241.8/1057.8,5%,5%,5749元,30元,30元,30元,20,60元,-40,,-0.6958%
